layer_id,layer_name,conv_type,kernel_zyx,padding_zyx,stride_zyx,output_shape_zyx,peak_blocks,peak_dram_bytes,peak_dram_mib,ifm_c,ifm_extent,ifm_allocated,ifm_voxels,ifm_coordinate_count,ifm_coordinate_sha256,ifm_coordinate_unique,ifm_blocks,ifm_grid_tiles,ifm_sum_nb,ifm_bytes_per_voxel,ifm_block_bytes,ifm_dram_bytes,ifm_dram_mib,ifm_useful_bytes,ifm_occupancy,ifm_semantic_channel_bytes,ifm_semantic_ratio,ofm_c,ofm_extent,ofm_allocated,ofm_voxels,ofm_coordinate_count,ofm_coordinate_sha256,ofm_coordinate_unique,ofm_blocks,ofm_grid_tiles,ofm_sum_nb,ofm_bytes_per_voxel,ofm_block_bytes,ofm_dram_bytes,ofm_dram_mib,ofm_useful_bytes,ofm_occupancy,ofm_semantic_channel_bytes,ofm_semantic_ratio
0,conv_input.0,SubMConv3d,3x3x3,1x1x1,1x1x1,41x1600x1408,8761,94910400,90.5136,4,"x:[-1,+1] y:[-1,+1] z:[-1,+1]",1,15118,15118,59cf47ea7347a1af112a588cf4ff5757d83cd151588cd196934025a5590709c6,1,4340,157920,32283,12,7200,31248000,29.8004,387396,0.012397,60472,0.001935,16,"x:[-2,0] y:[-2,0] z:[-2,0]",1,15118,15118,59cf47ea7347a1af112a588cf4ff5757d83cd151588cd196934025a5590709c6,1,4421,157920,32835,24,14400,63662400,60.7132,788040,0.012378,241888,0.003800
1,conv1.0.0,SubMConv3d,3x3x3,0x0x0,1x1x1,41x1600x1408,8761,126158400,120.3140,16,"x:[-2,0] y:[-2,0] z:[-2,0]",1,15118,15118,59cf47ea7347a1af112a588cf4ff5757d83cd151588cd196934025a5590709c6,1,4421,157920,32835,24,14400,63662400,60.7132,788040,0.012378,241888,0.003800,16,"x:[-1,+1] y:[-1,+1] z:[-1,+1]",1,15118,15118,59cf47ea7347a1af112a588cf4ff5757d83cd151588cd196934025a5590709c6,1,4340,157920,32283,24,14400,62496000,59.6008,774792,0.012397,241888,0.003870
2,conv2.0.0,SparseConv3d,3x3x3,1x1x1,2x2x2,21x800x704,6456,113280000,108.0322,16,"x:[-1,+1] y:[-1,+1] z:[-1,+1]",1,15118,15118,59cf47ea7347a1af112a588cf4ff5757d83cd151588cd196934025a5590709c6,1,4340,157920,32283,24,14400,62496000,59.6008,774792,0.012397,241888,0.003870,32,"x:[-2,0] y:[-2,0] z:[-2,0]",1,25846,25846,0f388c472d74e96cc7dc249b8fe9900743ad1b2ee43f302a45966acdcf4406f8,1,2116,22720,58350,40,24000,50784000,48.4314,2334000,0.045959,827072,0.016286
3,conv2.1.0,SubMConv3d,3x3x3,0x0x0,1x1x1,21x800x704,4232,101568000,96.8628,32,"x:[-2,0] y:[-2,0] z:[-2,0]",1,25846,25846,0f388c472d74e96cc7dc249b8fe9900743ad1b2ee43f302a45966acdcf4406f8,1,2116,22720,58350,40,24000,50784000,48.4314,2334000,0.045959,827072,0.016286,32,"x:[-2,0] y:[-2,0] z:[-2,0]",1,25846,25846,0f388c472d74e96cc7dc249b8fe9900743ad1b2ee43f302a45966acdcf4406f8,1,2116,22720,58350,40,24000,50784000,48.4314,2334000,0.045959,827072,0.016286
4,conv2.2.0,SubMConv3d,3x3x3,0x0x0,1x1x1,21x800x704,4125,99000000,94.4138,32,"x:[-2,0] y:[-2,0] z:[-2,0]",1,25846,25846,0f388c472d74e96cc7dc249b8fe9900743ad1b2ee43f302a45966acdcf4406f8,1,2116,22720,58350,40,24000,50784000,48.4314,2334000,0.045959,827072,0.016286,32,"x:[-1,+1] y:[-1,+1] z:[-1,+1]",1,25846,25846,0f388c472d74e96cc7dc249b8fe9900743ad1b2ee43f302a45966acdcf4406f8,1,2009,22720,53669,40,24000,48216000,45.9824,2146760,0.044524,827072,0.017153
5,conv3.0.0,SparseConv3d,3x3x3,1x1x1,2x2x2,11x400x352,2580,72883200,69.5068,32,"x:[-1,+1] y:[-1,+1] z:[-1,+1]",1,25846,25846,0f388c472d74e96cc7dc249b8fe9900743ad1b2ee43f302a45966acdcf4406f8,1,2009,22720,53669,40,24000,48216000,45.9824,2146760,0.044524,827072,0.017153,64,"x:[-2,0] y:[-2,0] z:[-2,0]",1,19116,19116,7e89fb5f484c45e9df0e492d74c43883dc91d2e0aaa20090d1f9c66d6babdbe3,1,571,2880,32093,72,43200,24667200,23.5245,2310696,0.093675,1223424,0.049597
6,conv3.1.0,SubMConv3d,3x3x3,0x0x0,1x1x1,11x400x352,1142,49334400,47.0490,64,"x:[-2,0] y:[-2,0] z:[-2,0]",1,19116,19116,7e89fb5f484c45e9df0e492d74c43883dc91d2e0aaa20090d1f9c66d6babdbe3,1,571,2880,32093,72,43200,24667200,23.5245,2310696,0.093675,1223424,0.049597,64,"x:[-2,0] y:[-2,0] z:[-2,0]",1,19116,19116,7e89fb5f484c45e9df0e492d74c43883dc91d2e0aaa20090d1f9c66d6babdbe3,1,571,2880,32093,72,43200,24667200,23.5245,2310696,0.093675,1223424,0.049597
7,conv3.2.0,SubMConv3d,3x3x3,0x0x0,1x1x1,11x400x352,1124,48556800,46.3074,64,"x:[-2,0] y:[-2,0] z:[-2,0]",1,19116,19116,7e89fb5f484c45e9df0e492d74c43883dc91d2e0aaa20090d1f9c66d6babdbe3,1,571,2880,32093,72,43200,24667200,23.5245,2310696,0.093675,1223424,0.049597,64,"x:[-1,+1] y:[-1,+1] z:[-2,0]",1,19116,19116,7e89fb5f484c45e9df0e492d74c43883dc91d2e0aaa20090d1f9c66d6babdbe3,1,553,2880,31609,72,43200,23889600,22.7829,2275848,0.095265,1223424,0.051212
8,conv4.0.0,SparseConv3d,3x3x3,0x1x1,2x2x2,5x200x176,712,30758400,29.3335,64,"x:[-1,+1] y:[-1,+1] z:[-2,0]",1,19116,19116,7e89fb5f484c45e9df0e492d74c43883dc91d2e0aaa20090d1f9c66d6babdbe3,1,553,2880,31609,72,43200,23889600,22.7829,2275848,0.095265,1223424,0.051212,64,"x:[-2,0] y:[-2,0] z:[-2,0]",1,8499,8499,4407ea88e816de8bc30f50d0a4c9510a5dd0ca80d06892460c9f32313f059438,1,159,360,12286,72,43200,6868800,6.5506,884592,0.128784,543936,0.079189
9,conv4.1.0,SubMConv3d,3x3x3,0x0x0,1x1x1,5x200x176,318,13737600,13.1012,64,"x:[-2,0] y:[-2,0] z:[-2,0]",1,8499,8499,4407ea88e816de8bc30f50d0a4c9510a5dd0ca80d06892460c9f32313f059438,1,159,360,12286,72,43200,6868800,6.5506,884592,0.128784,543936,0.079189,64,"x:[-2,0] y:[-2,0] z:[-2,0]",1,8499,8499,4407ea88e816de8bc30f50d0a4c9510a5dd0ca80d06892460c9f32313f059438,1,159,360,12286,72,43200,6868800,6.5506,884592,0.128784,543936,0.079189
10,conv4.2.0,SubMConv3d,3x3x3,0x0x0,1x1x1,5x200x176,309,13348800,12.7304,64,"x:[-2,0] y:[-2,0] z:[-2,0]",1,8499,8499,4407ea88e816de8bc30f50d0a4c9510a5dd0ca80d06892460c9f32313f059438,1,159,360,12286,72,43200,6868800,6.5506,884592,0.128784,543936,0.079189,64,"x:none y:none z:[-2,0]",1,8499,8499,4407ea88e816de8bc30f50d0a4c9510a5dd0ca80d06892460c9f32313f059438,1,150,360,8499,72,43200,6480000,6.1798,611928,0.094433,543936,0.083941
11,conv_out.0,SparseConv3d,3x1x1,0x0x0,2x1x1,2x200x176,150,6480000,6.1798,64,"x:none y:none z:[-2,0]",1,8499,8499,4407ea88e816de8bc30f50d0a4c9510a5dd0ca80d06892460c9f32313f059438,1,150,360,8499,72,43200,6480000,6.1798,611928,0.094433,543936,0.083941,128,x:none y:none z:none,0,6616,6616,1b9b2b02236943f3c22dc9702a848ed3a0f6a31e01a9e24b90c0af9d7e5fe54c,1,0,360,0,136,81600,0,0.0000,0,0.000000,846848,0.000000
