layer_id,layer_name,conv_type,kernel_zyx,padding_zyx,stride_zyx,output_shape_zyx,peak_pages,peak_dram_bytes,peak_dram_mib,ifm_c,ifm_extent,ifm_allocated,ifm_voxels,ifm_coordinate_count,ifm_coordinate_sha256,ifm_coordinate_unique,ifm_blocks,ifm_grid_tiles,ifm_sum_nb,ifm_pages,ifm_feature_words,ifm_page_stride,ifm_page_bytes,ifm_dram_bytes,ifm_dram_mib,ifm_useful_bytes,ifm_occupancy,ifm_semantic_channel_bytes,ifm_semantic_ratio,ofm_c,ofm_extent,ofm_allocated,ofm_voxels,ofm_coordinate_count,ofm_coordinate_sha256,ofm_coordinate_unique,ofm_blocks,ofm_grid_tiles,ofm_sum_nb,ofm_pages,ofm_feature_words,ofm_page_stride,ofm_page_bytes,ofm_dram_bytes,ofm_dram_mib,ofm_useful_bytes,ofm_occupancy,ofm_semantic_channel_bytes,ofm_semantic_ratio
0,conv_input.0,SubMConv3d,3x3x3,1x1x1,1x1x1,41x1600x1408,8785,11265536,10.7437,4,"x:[-1,+1] y:[-1,+1] z:[-1,+1]",1,15118,15118,59cf47ea7347a1af112a588cf4ff5757d83cd151588cd196934025a5590709c6,1,4340,157920,32283,4352,1,2,1024,4456448,4.2500,516528,0.115906,60472,0.013570,16,"x:[-2,0] y:[-2,0] z:[-2,0]",1,15118,15118,59cf47ea7347a1af112a588cf4ff5757d83cd151588cd196934025a5590709c6,1,4421,157920,32835,4433,2,3,1536,6809088,6.4937,788040,0.115734,241888,0.035524
1,conv1.0.0,SubMConv3d,3x3x3,0x0x0,1x1x1,41x1600x1408,8785,13493760,12.8687,16,"x:[-2,0] y:[-2,0] z:[-2,0]",1,15118,15118,59cf47ea7347a1af112a588cf4ff5757d83cd151588cd196934025a5590709c6,1,4421,157920,32835,4433,2,3,1536,6809088,6.4937,788040,0.115734,241888,0.035524,16,"x:[-1,+1] y:[-1,+1] z:[-1,+1]",1,15118,15118,59cf47ea7347a1af112a588cf4ff5757d83cd151588cd196934025a5590709c6,1,4340,157920,32283,4352,2,3,1536,6684672,6.3750,774792,0.115906,241888,0.036185
2,conv2.0.0,SparseConv3d,3x3x3,1x1x1,2x2x2,21x800x704,6734,12782592,12.1904,16,"x:[-1,+1] y:[-1,+1] z:[-1,+1]",1,15118,15118,59cf47ea7347a1af112a588cf4ff5757d83cd151588cd196934025a5590709c6,1,4340,157920,32283,4352,2,3,1536,6684672,6.3750,774792,0.115906,241888,0.036185,32,"x:[-2,0] y:[-2,0] z:[-2,0]",1,25846,25846,0f388c472d74e96cc7dc249b8fe9900743ad1b2ee43f302a45966acdcf4406f8,1,2116,22720,58350,2382,4,5,2560,6097920,5.8154,2334000,0.382753,827072,0.135632
3,conv2.1.0,SubMConv3d,3x3x3,0x0x0,1x1x1,21x800x704,4764,12195840,11.6309,32,"x:[-2,0] y:[-2,0] z:[-2,0]",1,25846,25846,0f388c472d74e96cc7dc249b8fe9900743ad1b2ee43f302a45966acdcf4406f8,1,2116,22720,58350,2382,4,5,2560,6097920,5.8154,2334000,0.382753,827072,0.135632,32,"x:[-2,0] y:[-2,0] z:[-2,0]",1,25846,25846,0f388c472d74e96cc7dc249b8fe9900743ad1b2ee43f302a45966acdcf4406f8,1,2116,22720,58350,2382,4,5,2560,6097920,5.8154,2334000,0.382753,827072,0.135632
4,conv2.2.0,SubMConv3d,3x3x3,0x0x0,1x1x1,21x800x704,4639,11875840,11.3257,32,"x:[-2,0] y:[-2,0] z:[-2,0]",1,25846,25846,0f388c472d74e96cc7dc249b8fe9900743ad1b2ee43f302a45966acdcf4406f8,1,2116,22720,58350,2382,4,5,2560,6097920,5.8154,2334000,0.382753,827072,0.135632,32,"x:[-1,+1] y:[-1,+1] z:[-1,+1]",1,25846,25846,0f388c472d74e96cc7dc249b8fe9900743ad1b2ee43f302a45966acdcf4406f8,1,2009,22720,53669,2257,4,5,2560,5777920,5.5103,2146760,0.371545,827072,0.143144
5,conv3.0.0,SparseConv3d,3x3x3,1x1x1,2x2x2,11x400x352,3105,9685504,9.2368,32,"x:[-1,+1] y:[-1,+1] z:[-1,+1]",1,25846,25846,0f388c472d74e96cc7dc249b8fe9900743ad1b2ee43f302a45966acdcf4406f8,1,2009,22720,53669,2257,4,5,2560,5777920,5.5103,2146760,0.371545,827072,0.143144,64,"x:[-2,0] y:[-2,0] z:[-2,0]",1,19116,19116,7e89fb5f484c45e9df0e492d74c43883dc91d2e0aaa20090d1f9c66d6babdbe3,1,571,2880,32093,848,8,9,4608,3907584,3.7266,2310696,0.591336,1223424,0.313090
6,conv3.1.0,SubMConv3d,3x3x3,0x0x0,1x1x1,11x400x352,1696,7815168,7.4531,64,"x:[-2,0] y:[-2,0] z:[-2,0]",1,19116,19116,7e89fb5f484c45e9df0e492d74c43883dc91d2e0aaa20090d1f9c66d6babdbe3,1,571,2880,32093,848,8,9,4608,3907584,3.7266,2310696,0.591336,1223424,0.313090,64,"x:[-2,0] y:[-2,0] z:[-2,0]",1,19116,19116,7e89fb5f484c45e9df0e492d74c43883dc91d2e0aaa20090d1f9c66d6babdbe3,1,571,2880,32093,848,8,9,4608,3907584,3.7266,2310696,0.591336,1223424,0.313090
7,conv3.2.0,SubMConv3d,3x3x3,0x0x0,1x1x1,11x400x352,1682,7750656,7.3916,64,"x:[-2,0] y:[-2,0] z:[-2,0]",1,19116,19116,7e89fb5f484c45e9df0e492d74c43883dc91d2e0aaa20090d1f9c66d6babdbe3,1,571,2880,32093,848,8,9,4608,3907584,3.7266,2310696,0.591336,1223424,0.313090,64,"x:[-1,+1] y:[-1,+1] z:[-2,0]",1,19116,19116,7e89fb5f484c45e9df0e492d74c43883dc91d2e0aaa20090d1f9c66d6babdbe3,1,553,2880,31609,834,8,9,4608,3843072,3.6650,2275848,0.592195,1223424,0.318345
8,conv4.0.0,SparseConv3d,3x3x3,0x1x1,2x2x2,5x200x176,1118,5151744,4.9131,64,"x:[-1,+1] y:[-1,+1] z:[-2,0]",1,19116,19116,7e89fb5f484c45e9df0e492d74c43883dc91d2e0aaa20090d1f9c66d6babdbe3,1,553,2880,31609,834,8,9,4608,3843072,3.6650,2275848,0.592195,1223424,0.318345,64,"x:[-2,0] y:[-2,0] z:[-2,0]",1,8499,8499,4407ea88e816de8bc30f50d0a4c9510a5dd0ca80d06892460c9f32313f059438,1,159,360,12286,284,8,9,4608,1308672,1.2480,884592,0.675946,543936,0.415640
9,conv4.1.0,SubMConv3d,3x3x3,0x0x0,1x1x1,5x200x176,568,2617344,2.4961,64,"x:[-2,0] y:[-2,0] z:[-2,0]",1,8499,8499,4407ea88e816de8bc30f50d0a4c9510a5dd0ca80d06892460c9f32313f059438,1,159,360,12286,284,8,9,4608,1308672,1.2480,884592,0.675946,543936,0.415640,64,"x:[-2,0] y:[-2,0] z:[-2,0]",1,8499,8499,4407ea88e816de8bc30f50d0a4c9510a5dd0ca80d06892460c9f32313f059438,1,159,360,12286,284,8,9,4608,1308672,1.2480,884592,0.675946,543936,0.415640
10,conv4.2.0,SubMConv3d,3x3x3,0x0x0,1x1x1,5x200x176,507,2336256,2.2280,64,"x:[-2,0] y:[-2,0] z:[-2,0]",1,8499,8499,4407ea88e816de8bc30f50d0a4c9510a5dd0ca80d06892460c9f32313f059438,1,159,360,12286,284,8,9,4608,1308672,1.2480,884592,0.675946,543936,0.415640,64,"x:none y:none z:[-2,0]",1,8499,8499,4407ea88e816de8bc30f50d0a4c9510a5dd0ca80d06892460c9f32313f059438,1,150,360,8499,223,8,9,4608,1027584,0.9800,611928,0.595502,543936,0.529335
11,conv_out.0,SparseConv3d,3x1x1,0x0x0,2x1x1,2x200x176,223,1027584,0.9800,64,"x:none y:none z:[-2,0]",1,8499,8499,4407ea88e816de8bc30f50d0a4c9510a5dd0ca80d06892460c9f32313f059438,1,150,360,8499,223,8,9,4608,1027584,0.9800,611928,0.595502,543936,0.529335,128,x:none y:none z:none,0,6616,6616,1b9b2b02236943f3c22dc9702a848ed3a0f6a31e01a9e24b90c0af9d7e5fe54c,1,0,360,0,0,16,17,8704,0,0.0000,0,0.000000,846848,0.000000
