ring_j,inner_T,outer_T,Bstar,bx,by,bz,n_samples_at_Bstar,coverage_at_Bstar,low_sample,note
0,0,32,32x32x8,32,32,8,42,1.000000,1,
1,32,64,8x4x8,8,4,8,7807,0.973357,0,
2,64,96,8x4x8,8,4,8,45307,0.981261,0,
3,96,128,8x4x8,8,4,8,63299,0.977567,0,
4,128,160,8x4x8,8,4,8,71949,0.983169,0,
5,160,192,8x8x8,8,8,8,39737,0.977427,0,
6,192,224,8x8x8,8,8,8,36961,0.983199,0,
7,224,256,16x8x8,16,8,8,21305,0.970476,0,
8,256,288,16x8x8,16,8,8,19677,0.978909,0,
9,288,320,16x8x8,16,8,8,18269,0.980513,0,
10,320,352,16x8x8,16,8,8,16100,0.986646,0,
11,352,384,16x16x8,16,16,8,9496,0.977359,0,
12,384,416,16x16x8,16,16,8,8476,0.984899,0,
13,416,448,16x16x8,16,16,8,7295,0.987114,0,
14,448,480,16x16x8,16,16,8,6625,0.988679,0,
15,480,512,32x16x8,32,16,8,3923,0.979353,0,
16,512,544,32x32x8,32,32,8,2478,0.971348,0,
17,544,576,32x32x8,32,32,8,2293,0.974706,0,
18,576,608,32x32x8,32,32,8,1954,0.986182,0,
19,608,640,32x32x8,32,32,8,1745,0.989685,0,
20,640,672,32x32x8,32,32,8,1572,0.995547,0,
21,672,704,32x32x8,32,32,8,1427,0.999299,0,
