layer_id,module_name,channel,folded_bias_fp32
0,conv_input.0,0,0.0659373551607132
0,conv_input.0,1,-0.13540790975093842
0,conv_input.0,2,0.10019242018461227
0,conv_input.0,3,-0.014467689208686352
0,conv_input.0,4,-0.12225554138422012
0,conv_input.0,5,-0.005273444578051567
0,conv_input.0,6,0.13766008615493774
0,conv_input.0,7,0.11422222852706909
0,conv_input.0,8,-0.06368285417556763
0,conv_input.0,9,0.03551549091935158
0,conv_input.0,10,0.8251239657402039
0,conv_input.0,11,0.053160130977630615
0,conv_input.0,12,0.02477971278131008
0,conv_input.0,13,-0.187569260597229
0,conv_input.0,14,-0.21367299556732178
0,conv_input.0,15,-0.17342497408390045
1,conv1.0.0,0,0.2891351580619812
1,conv1.0.0,1,0.6844974756240845
1,conv1.0.0,2,0.7458941340446472
1,conv1.0.0,3,0.37049129605293274
1,conv1.0.0,4,0.41678595542907715
1,conv1.0.0,5,0.3260866403579712
1,conv1.0.0,6,0.31645792722702026
1,conv1.0.0,7,0.16003364324569702
1,conv1.0.0,8,0.7261595726013184
1,conv1.0.0,9,0.12927758693695068
1,conv1.0.0,10,0.6872618198394775
1,conv1.0.0,11,0.8039900660514832
1,conv1.0.0,12,0.9258323311805725
1,conv1.0.0,13,0.5507761240005493
1,conv1.0.0,14,-0.041839465498924255
1,conv1.0.0,15,0.93343186378479
2,conv2.0.0,0,0.029404252767562866
2,conv2.0.0,1,0.14010965824127197
2,conv2.0.0,2,0.18984653055667877
2,conv2.0.0,3,0.1515558809041977
2,conv2.0.0,4,-0.09502020478248596
2,conv2.0.0,5,-0.28603416681289673
2,conv2.0.0,6,-0.13950294256210327
2,conv2.0.0,7,-0.14591823518276215
2,conv2.0.0,8,0.18891309201717377
2,conv2.0.0,9,-0.07338540256023407
2,conv2.0.0,10,0.042592667043209076
2,conv2.0.0,11,0.6623594760894775
2,conv2.0.0,12,-0.11054795980453491
2,conv2.0.0,13,0.25179752707481384
2,conv2.0.0,14,-0.16584782302379608
2,conv2.0.0,15,0.37109941244125366
2,conv2.0.0,16,-0.04991641640663147
2,conv2.0.0,17,-0.12227661907672882
2,conv2.0.0,18,-0.06832107156515121
2,conv2.0.0,19,-0.22338593006134033
2,conv2.0.0,20,-0.011947199702262878
2,conv2.0.0,21,-0.11814886331558228
2,conv2.0.0,22,0.053567834198474884
2,conv2.0.0,23,1.148115634918213
2,conv2.0.0,24,0.027755867689847946
2,conv2.0.0,25,0.08287395536899567
2,conv2.0.0,26,-0.027541622519493103
2,conv2.0.0,27,-0.051454320549964905
2,conv2.0.0,28,0.6612472534179688
2,conv2.0.0,29,0.3658536672592163
2,conv2.0.0,30,-0.014250269159674644
2,conv2.0.0,31,0.10200545191764832
3,conv2.1.0,0,-0.14174482226371765
3,conv2.1.0,1,0.47817981243133545
3,conv2.1.0,2,0.5307809114456177
3,conv2.1.0,3,0.6658649444580078
3,conv2.1.0,4,0.3386848270893097
3,conv2.1.0,5,0.7206631898880005
3,conv2.1.0,6,0.4206908643245697
3,conv2.1.0,7,0.6358136534690857
3,conv2.1.0,8,0.03311018645763397
3,conv2.1.0,9,-0.020197078585624695
3,conv2.1.0,10,0.5011954307556152
3,conv2.1.0,11,-0.20258629322052002
3,conv2.1.0,12,0.17785316705703735
3,conv2.1.0,13,0.24921560287475586
3,conv2.1.0,14,-0.02278381586074829
3,conv2.1.0,15,0.378145694732666
3,conv2.1.0,16,0.5909369587898254
3,conv2.1.0,17,0.3289579451084137
3,conv2.1.0,18,0.36935219168663025
3,conv2.1.0,19,0.1257956326007843
3,conv2.1.0,20,0.33839067816734314
3,conv2.1.0,21,0.6075905561447144
3,conv2.1.0,22,0.4661915898323059
3,conv2.1.0,23,0.6271515488624573
3,conv2.1.0,24,-0.07133172452449799
3,conv2.1.0,25,0.4987233877182007
3,conv2.1.0,26,-0.4599146246910095
3,conv2.1.0,27,0.5556417107582092
3,conv2.1.0,28,1.1514238119125366
3,conv2.1.0,29,0.11250749230384827
3,conv2.1.0,30,0.11871051788330078
3,conv2.1.0,31,0.3240143954753876
4,conv2.2.0,0,0.7473470568656921
4,conv2.2.0,1,0.6558783650398254
4,conv2.2.0,2,0.8670272827148438
4,conv2.2.0,3,0.7139589786529541
4,conv2.2.0,4,0.2442200928926468
4,conv2.2.0,5,0.45138055086135864
4,conv2.2.0,6,0.4727090299129486
4,conv2.2.0,7,0.3794447183609009
4,conv2.2.0,8,-0.085616834461689
4,conv2.2.0,9,0.6316330432891846
4,conv2.2.0,10,-1.130394458770752
4,conv2.2.0,11,0.43208828568458557
4,conv2.2.0,12,0.41704419255256653
4,conv2.2.0,13,0.3672739267349243
4,conv2.2.0,14,0.8042383193969727
4,conv2.2.0,15,0.6670597791671753
4,conv2.2.0,16,0.2126585841178894
4,conv2.2.0,17,0.16009700298309326
4,conv2.2.0,18,0.6403073072433472
4,conv2.2.0,19,0.18334296345710754
4,conv2.2.0,20,-0.16271063685417175
4,conv2.2.0,21,0.6035768985748291
4,conv2.2.0,22,0.31621867418289185
4,conv2.2.0,23,0.3546561002731323
4,conv2.2.0,24,-0.4385257363319397
4,conv2.2.0,25,0.2923031449317932
4,conv2.2.0,26,0.27389103174209595
4,conv2.2.0,27,-0.5811483263969421
4,conv2.2.0,28,0.005762937478721142
4,conv2.2.0,29,0.3377431035041809
4,conv2.2.0,30,-0.02457427978515625
4,conv2.2.0,31,0.6140161752700806
5,conv3.0.0,0,-0.12194016575813293
5,conv3.0.0,1,0.40620315074920654
5,conv3.0.0,2,-0.01374240592122078
5,conv3.0.0,3,-0.10053228586912155
5,conv3.0.0,4,0.20466259121894836
5,conv3.0.0,5,-0.21471597254276276
5,conv3.0.0,6,0.023981422185897827
5,conv3.0.0,7,-0.049484625458717346
5,conv3.0.0,8,-0.3187882602214813
5,conv3.0.0,9,0.06352304667234421
5,conv3.0.0,10,0.06063978001475334
5,conv3.0.0,11,0.1284923255443573
5,conv3.0.0,12,0.09479603171348572
5,conv3.0.0,13,0.025392889976501465
5,conv3.0.0,14,0.31396961212158203
5,conv3.0.0,15,0.663329005241394
5,conv3.0.0,16,-0.11187741160392761
5,conv3.0.0,17,0.04464178532361984
5,conv3.0.0,18,0.14044184982776642
5,conv3.0.0,19,-0.13068699836730957
5,conv3.0.0,20,0.3374033570289612
5,conv3.0.0,21,0.051718249917030334
5,conv3.0.0,22,-0.01506858691573143
5,conv3.0.0,23,-0.05876176059246063
5,conv3.0.0,24,0.008855484426021576
5,conv3.0.0,25,0.467610239982605
5,conv3.0.0,26,0.12054517865180969
5,conv3.0.0,27,0.08065100014209747
5,conv3.0.0,28,0.23026692867279053
5,conv3.0.0,29,-0.09169057011604309
5,conv3.0.0,30,-0.022374719381332397
5,conv3.0.0,31,-0.17795807123184204
5,conv3.0.0,32,-0.24333572387695312
5,conv3.0.0,33,-0.15130117535591125
5,conv3.0.0,34,-0.08244432508945465
5,conv3.0.0,35,0.03708562254905701
5,conv3.0.0,36,0.12791553139686584
5,conv3.0.0,37,0.11917968094348907
5,conv3.0.0,38,-0.01500922441482544
5,conv3.0.0,39,-0.2583024501800537
5,conv3.0.0,40,0.13062714040279388
5,conv3.0.0,41,0.1910625398159027
5,conv3.0.0,42,0.08545736968517303
5,conv3.0.0,43,-0.024862173944711685
5,conv3.0.0,44,-0.2221790850162506
5,conv3.0.0,45,0.23990538716316223
5,conv3.0.0,46,0.0980512797832489
5,conv3.0.0,47,-0.02918773517012596
5,conv3.0.0,48,0.053262338042259216
5,conv3.0.0,49,-0.0879831612110138
5,conv3.0.0,50,0.7994973063468933
5,conv3.0.0,51,0.7261793613433838
5,conv3.0.0,52,-0.19142404198646545
5,conv3.0.0,53,-0.05595437437295914
5,conv3.0.0,54,0.03857477009296417
5,conv3.0.0,55,0.26220911741256714
5,conv3.0.0,56,-0.014591805636882782
5,conv3.0.0,57,0.04511331766843796
5,conv3.0.0,58,0.21933436393737793
5,conv3.0.0,59,0.08613643050193787
5,conv3.0.0,60,-0.02484789490699768
5,conv3.0.0,61,0.08352875709533691
5,conv3.0.0,62,0.03878020495176315
5,conv3.0.0,63,0.001985102891921997
6,conv3.1.0,0,0.03051355481147766
6,conv3.1.0,1,0.34158456325531006
6,conv3.1.0,2,-0.2763593792915344
6,conv3.1.0,3,0.04911962151527405
6,conv3.1.0,4,0.2616450786590576
6,conv3.1.0,5,0.8464810252189636
6,conv3.1.0,6,-0.010056912899017334
6,conv3.1.0,7,-0.022961586713790894
6,conv3.1.0,8,0.02031567692756653
6,conv3.1.0,9,0.22619126737117767
6,conv3.1.0,10,0.06427890062332153
6,conv3.1.0,11,0.2845272123813629
6,conv3.1.0,12,0.3918841481208801
6,conv3.1.0,13,-0.18336130678653717
6,conv3.1.0,14,0.2637740969657898
6,conv3.1.0,15,0.26362553238868713
6,conv3.1.0,16,0.078377366065979
6,conv3.1.0,17,0.2789861559867859
6,conv3.1.0,18,-0.18056783080101013
6,conv3.1.0,19,0.14636655151844025
6,conv3.1.0,20,0.5593435168266296
6,conv3.1.0,21,0.09575881063938141
6,conv3.1.0,22,0.11918202042579651
6,conv3.1.0,23,0.21991991996765137
6,conv3.1.0,24,0.08030161261558533
6,conv3.1.0,25,0.3446006178855896
6,conv3.1.0,26,0.10911911725997925
6,conv3.1.0,27,0.014173880219459534
6,conv3.1.0,28,-0.04402858018875122
6,conv3.1.0,29,0.06731659173965454
6,conv3.1.0,30,0.06534647941589355
6,conv3.1.0,31,0.19343838095664978
6,conv3.1.0,32,0.08901533484458923
6,conv3.1.0,33,0.21665522456169128
6,conv3.1.0,34,0.14600208401679993
6,conv3.1.0,35,0.17235766351222992
6,conv3.1.0,36,0.12435026466846466
6,conv3.1.0,37,0.31373330950737
6,conv3.1.0,38,0.6934131383895874
6,conv3.1.0,39,0.5756003856658936
6,conv3.1.0,40,0.03204664587974548
6,conv3.1.0,41,0.5390284657478333
6,conv3.1.0,42,0.19544018805027008
6,conv3.1.0,43,0.32423797249794006
6,conv3.1.0,44,0.04536822438240051
6,conv3.1.0,45,-0.23821936547756195
6,conv3.1.0,46,0.09247250854969025
6,conv3.1.0,47,0.013712316751480103
6,conv3.1.0,48,0.3401331305503845
6,conv3.1.0,49,0.2011411041021347
6,conv3.1.0,50,0.3045595586299896
6,conv3.1.0,51,0.20538097620010376
6,conv3.1.0,52,0.0802408754825592
6,conv3.1.0,53,0.21040277183055878
6,conv3.1.0,54,0.13100266456604004
6,conv3.1.0,55,-0.05679492652416229
6,conv3.1.0,56,-0.09372818470001221
6,conv3.1.0,57,0.22139686346054077
6,conv3.1.0,58,0.26360225677490234
6,conv3.1.0,59,-0.3226170539855957
6,conv3.1.0,60,0.1803981363773346
6,conv3.1.0,61,0.5893222689628601
6,conv3.1.0,62,0.37484225630760193
6,conv3.1.0,63,0.5912399291992188
7,conv3.2.0,0,0.006707549095153809
7,conv3.2.0,1,0.7068743705749512
7,conv3.2.0,2,-0.04262736439704895
7,conv3.2.0,3,0.45706063508987427
7,conv3.2.0,4,0.3133806586265564
7,conv3.2.0,5,0.08457055687904358
7,conv3.2.0,6,0.3974325656890869
7,conv3.2.0,7,0.3790739178657532
7,conv3.2.0,8,0.5626686811447144
7,conv3.2.0,9,-0.30626097321510315
7,conv3.2.0,10,0.33815157413482666
7,conv3.2.0,11,0.35053080320358276
7,conv3.2.0,12,0.4126555323600769
7,conv3.2.0,13,0.5195487141609192
7,conv3.2.0,14,0.15143686532974243
7,conv3.2.0,15,0.5172634720802307
7,conv3.2.0,16,0.1316147744655609
7,conv3.2.0,17,0.34106001257896423
7,conv3.2.0,18,0.35585421323776245
7,conv3.2.0,19,0.38716840744018555
7,conv3.2.0,20,0.25603967905044556
7,conv3.2.0,21,-0.09413513541221619
7,conv3.2.0,22,0.13513366878032684
7,conv3.2.0,23,0.25928670167922974
7,conv3.2.0,24,-0.17870447039604187
7,conv3.2.0,25,-0.021001756191253662
7,conv3.2.0,26,-0.02742782235145569
7,conv3.2.0,27,-0.13094207644462585
7,conv3.2.0,28,0.38625746965408325
7,conv3.2.0,29,-0.1570410132408142
7,conv3.2.0,30,-0.1391468346118927
7,conv3.2.0,31,-0.10489265620708466
7,conv3.2.0,32,0.13584451377391815
7,conv3.2.0,33,0.462394654750824
7,conv3.2.0,34,0.3122020959854126
7,conv3.2.0,35,-0.04468977451324463
7,conv3.2.0,36,0.37234237790107727
7,conv3.2.0,37,-0.1986178159713745
7,conv3.2.0,38,0.46640798449516296
7,conv3.2.0,39,0.4929085373878479
7,conv3.2.0,40,0.3954455852508545
7,conv3.2.0,41,0.01462632417678833
7,conv3.2.0,42,0.10035178065299988
7,conv3.2.0,43,-0.6265603303909302
7,conv3.2.0,44,0.1341666728258133
7,conv3.2.0,45,0.1921779066324234
7,conv3.2.0,46,0.000934898853302002
7,conv3.2.0,47,0.3159137964248657
7,conv3.2.0,48,-0.24311186373233795
7,conv3.2.0,49,0.22246021032333374
7,conv3.2.0,50,0.12327519059181213
7,conv3.2.0,51,0.3451773226261139
7,conv3.2.0,52,0.5238855481147766
7,conv3.2.0,53,0.9486517906188965
7,conv3.2.0,54,0.05980497598648071
7,conv3.2.0,55,0.24134406447410583
7,conv3.2.0,56,-0.23571154475212097
7,conv3.2.0,57,-0.1263176053762436
7,conv3.2.0,58,0.587439775466919
7,conv3.2.0,59,0.2453719675540924
7,conv3.2.0,60,0.5082530975341797
7,conv3.2.0,61,0.41083624958992004
7,conv3.2.0,62,0.6919084787368774
7,conv3.2.0,63,-0.020829886198043823
8,conv4.0.0,0,-0.11193214356899261
8,conv4.0.0,1,-0.0912889689207077
8,conv4.0.0,2,0.045304782688617706
8,conv4.0.0,3,0.018656423315405846
8,conv4.0.0,4,0.1078576073050499
8,conv4.0.0,5,0.31753847002983093
8,conv4.0.0,6,0.01076580211520195
8,conv4.0.0,7,-0.02022548019886017
8,conv4.0.0,8,0.022441715002059937
8,conv4.0.0,9,-0.03605736792087555
8,conv4.0.0,10,-0.07492917031049728
8,conv4.0.0,11,0.011074744164943695
8,conv4.0.0,12,0.1218205913901329
8,conv4.0.0,13,0.21877610683441162
8,conv4.0.0,14,-0.05672284960746765
8,conv4.0.0,15,0.06342874467372894
8,conv4.0.0,16,0.6528081893920898
8,conv4.0.0,17,0.36850228905677795
8,conv4.0.0,18,-0.10124369710683823
8,conv4.0.0,19,-0.06156627833843231
8,conv4.0.0,20,0.3650963604450226
8,conv4.0.0,21,0.07550708949565887
8,conv4.0.0,22,0.03647150844335556
8,conv4.0.0,23,-0.17496946454048157
8,conv4.0.0,24,0.08743590861558914
8,conv4.0.0,25,0.3185364603996277
8,conv4.0.0,26,0.0036676526069641113
8,conv4.0.0,27,0.06618712842464447
8,conv4.0.0,28,0.2825794816017151
8,conv4.0.0,29,-0.2792631983757019
8,conv4.0.0,30,-0.15183553099632263
8,conv4.0.0,31,0.08404217660427094
8,conv4.0.0,32,0.002441778779029846
8,conv4.0.0,33,0.04553733021020889
8,conv4.0.0,34,-0.020027510821819305
8,conv4.0.0,35,-0.07388128340244293
8,conv4.0.0,36,0.007403284311294556
8,conv4.0.0,37,0.03964798152446747
8,conv4.0.0,38,-0.015654519200325012
8,conv4.0.0,39,0.2977423071861267
8,conv4.0.0,40,0.08004015684127808
8,conv4.0.0,41,0.06776133179664612
8,conv4.0.0,42,0.15532375872135162
8,conv4.0.0,43,0.023760803043842316
8,conv4.0.0,44,0.08045218139886856
8,conv4.0.0,45,0.043138355016708374
8,conv4.0.0,46,-0.03420070558786392
8,conv4.0.0,47,0.059360384941101074
8,conv4.0.0,48,-0.18058621883392334
8,conv4.0.0,49,0.2641785442829132
8,conv4.0.0,50,0.016687974333763123
8,conv4.0.0,51,0.14728212356567383
8,conv4.0.0,52,-0.09258537739515305
8,conv4.0.0,53,0.45249783992767334
8,conv4.0.0,54,-0.009242895990610123
8,conv4.0.0,55,0.0517246276140213
8,conv4.0.0,56,0.034450650215148926
8,conv4.0.0,57,-0.06161823496222496
8,conv4.0.0,58,0.6335643529891968
8,conv4.0.0,59,0.12005838751792908
8,conv4.0.0,60,-0.058339923620224
8,conv4.0.0,61,-0.016739480197429657
8,conv4.0.0,62,0.16129812598228455
8,conv4.0.0,63,-0.18983742594718933
9,conv4.1.0,0,0.05419820547103882
9,conv4.1.0,1,-0.30598992109298706
9,conv4.1.0,2,0.35583174228668213
9,conv4.1.0,3,0.40701058506965637
9,conv4.1.0,4,-0.06977659463882446
9,conv4.1.0,5,0.4278019964694977
9,conv4.1.0,6,0.3162904977798462
9,conv4.1.0,7,0.34336066246032715
9,conv4.1.0,8,-0.2852684557437897
9,conv4.1.0,9,0.09185205399990082
9,conv4.1.0,10,0.2918790280818939
9,conv4.1.0,11,0.06243470311164856
9,conv4.1.0,12,-0.05854126811027527
9,conv4.1.0,13,-0.06907255947589874
9,conv4.1.0,14,-0.06020447611808777
9,conv4.1.0,15,0.2665901184082031
9,conv4.1.0,16,-0.07598982751369476
9,conv4.1.0,17,0.27374446392059326
9,conv4.1.0,18,-0.06222409009933472
9,conv4.1.0,19,0.13539326190948486
9,conv4.1.0,20,0.2618950307369232
9,conv4.1.0,21,-0.31799665093421936
9,conv4.1.0,22,0.35885828733444214
9,conv4.1.0,23,0.2324269413948059
9,conv4.1.0,24,0.2840336859226227
9,conv4.1.0,25,-0.22918546199798584
9,conv4.1.0,26,0.07106107473373413
9,conv4.1.0,27,0.42337775230407715
9,conv4.1.0,28,0.2513532042503357
9,conv4.1.0,29,0.5895602703094482
9,conv4.1.0,30,0.35928958654403687
9,conv4.1.0,31,0.5513743758201599
9,conv4.1.0,32,0.09215438365936279
9,conv4.1.0,33,0.7524020075798035
9,conv4.1.0,34,-0.03738179802894592
9,conv4.1.0,35,0.5526645183563232
9,conv4.1.0,36,0.22043097019195557
9,conv4.1.0,37,0.06072141230106354
9,conv4.1.0,38,0.35846325755119324
9,conv4.1.0,39,-0.20114493370056152
9,conv4.1.0,40,-0.10642437636852264
9,conv4.1.0,41,0.024769484996795654
9,conv4.1.0,42,-0.10321924090385437
9,conv4.1.0,43,0.2026819884777069
9,conv4.1.0,44,0.2184944748878479
9,conv4.1.0,45,0.04592648148536682
9,conv4.1.0,46,-0.007251128554344177
9,conv4.1.0,47,-0.02701503038406372
9,conv4.1.0,48,0.09615659713745117
9,conv4.1.0,49,0.17010559141635895
9,conv4.1.0,50,0.06953820586204529
9,conv4.1.0,51,-0.02675880491733551
9,conv4.1.0,52,-0.0016955137252807617
9,conv4.1.0,53,0.1792864203453064
9,conv4.1.0,54,0.062094688415527344
9,conv4.1.0,55,0.47997772693634033
9,conv4.1.0,56,0.5553534626960754
9,conv4.1.0,57,0.15544474124908447
9,conv4.1.0,58,0.08669181168079376
9,conv4.1.0,59,0.36668357253074646
9,conv4.1.0,60,-0.20706039667129517
9,conv4.1.0,61,0.30747905373573303
9,conv4.1.0,62,0.23135267198085785
9,conv4.1.0,63,-0.0037491172552108765
10,conv4.2.0,0,-0.13470488786697388
10,conv4.2.0,1,0.11516328901052475
10,conv4.2.0,2,0.36795443296432495
10,conv4.2.0,3,0.4748167395591736
10,conv4.2.0,4,-0.30612850189208984
10,conv4.2.0,5,0.5045393109321594
10,conv4.2.0,6,0.09085054695606232
10,conv4.2.0,7,-0.0172368586063385
10,conv4.2.0,8,-0.5558836460113525
10,conv4.2.0,9,0.4942355751991272
10,conv4.2.0,10,-0.003368176519870758
10,conv4.2.0,11,0.5641381740570068
10,conv4.2.0,12,0.28666821122169495
10,conv4.2.0,13,0.015782810747623444
10,conv4.2.0,14,0.38726988434791565
10,conv4.2.0,15,0.44190269708633423
10,conv4.2.0,16,0.28123414516448975
10,conv4.2.0,17,0.3144868016242981
10,conv4.2.0,18,-0.42584478855133057
10,conv4.2.0,19,0.3774299621582031
10,conv4.2.0,20,0.25826579332351685
10,conv4.2.0,21,0.04095527529716492
10,conv4.2.0,22,0.350841760635376
10,conv4.2.0,23,0.32299885153770447
10,conv4.2.0,24,0.7443721294403076
10,conv4.2.0,25,0.21237221360206604
10,conv4.2.0,26,0.3337416648864746
10,conv4.2.0,27,-1.5725533962249756
10,conv4.2.0,28,-0.19585676491260529
10,conv4.2.0,29,0.2977060079574585
10,conv4.2.0,30,0.4554683268070221
10,conv4.2.0,31,0.06147465109825134
10,conv4.2.0,32,-0.0779070109128952
10,conv4.2.0,33,0.06214392930269241
10,conv4.2.0,34,0.3729179799556732
10,conv4.2.0,35,0.6687567830085754
10,conv4.2.0,36,0.25079256296157837
10,conv4.2.0,37,0.41341909766197205
10,conv4.2.0,38,-0.0895073413848877
10,conv4.2.0,39,0.09098551422357559
10,conv4.2.0,40,0.30187055468559265
10,conv4.2.0,41,0.35283392667770386
10,conv4.2.0,42,0.17163658142089844
10,conv4.2.0,43,-0.9211152791976929
10,conv4.2.0,44,0.37267041206359863
10,conv4.2.0,45,-0.7719340324401855
10,conv4.2.0,46,0.282357394695282
10,conv4.2.0,47,-0.25355878472328186
10,conv4.2.0,48,1.0460615158081055e-05
10,conv4.2.0,49,-0.04983440041542053
10,conv4.2.0,50,0.2683388888835907
10,conv4.2.0,51,0.0748167335987091
10,conv4.2.0,52,0.3846299648284912
10,conv4.2.0,53,0.3880192041397095
10,conv4.2.0,54,0.5356559753417969
10,conv4.2.0,55,-0.24609698355197906
10,conv4.2.0,56,0.3561263978481293
10,conv4.2.0,57,0.15281541645526886
10,conv4.2.0,58,-0.01873341202735901
10,conv4.2.0,59,0.4566638469696045
10,conv4.2.0,60,-0.007227964699268341
10,conv4.2.0,61,0.15806211531162262
10,conv4.2.0,62,-0.6497262716293335
10,conv4.2.0,63,0.38604775071144104
11,conv_out.0,0,-0.31995248794555664
11,conv_out.0,1,0.0496574342250824
11,conv_out.0,2,0.007767796516418457
11,conv_out.0,3,-0.608694851398468
11,conv_out.0,4,0.25608184933662415
11,conv_out.0,5,0.14561772346496582
11,conv_out.0,6,0.020148426294326782
11,conv_out.0,7,-0.2862575650215149
11,conv_out.0,8,-0.058415353298187256
11,conv_out.0,9,-0.3917061388492584
11,conv_out.0,10,-0.03470870852470398
11,conv_out.0,11,0.07732303440570831
11,conv_out.0,12,0.05316650867462158
11,conv_out.0,13,0.041865915060043335
11,conv_out.0,14,-0.07167980074882507
11,conv_out.0,15,0.47008806467056274
11,conv_out.0,16,-0.16135595738887787
11,conv_out.0,17,-0.37342727184295654
11,conv_out.0,18,-0.1989588588476181
11,conv_out.0,19,-0.06066375970840454
11,conv_out.0,20,-0.3783997893333435
11,conv_out.0,21,-0.03986915946006775
11,conv_out.0,22,0.26086488366127014
11,conv_out.0,23,-0.146267831325531
11,conv_out.0,24,-0.17150834202766418
11,conv_out.0,25,0.3397122621536255
11,conv_out.0,26,-0.9225637316703796
11,conv_out.0,27,0.07040375471115112
11,conv_out.0,28,-0.11719518899917603
11,conv_out.0,29,-0.22662559151649475
11,conv_out.0,30,-0.521976113319397
11,conv_out.0,31,-0.08791617304086685
11,conv_out.0,32,-0.07527613639831543
11,conv_out.0,33,-0.16822358965873718
11,conv_out.0,34,0.10988479852676392
11,conv_out.0,35,-0.34866219758987427
11,conv_out.0,36,0.11164572834968567
11,conv_out.0,37,-0.2622793912887573
11,conv_out.0,38,0.1603425294160843
11,conv_out.0,39,-0.25315043330192566
11,conv_out.0,40,-0.1626059114933014
11,conv_out.0,41,0.3680611848831177
11,conv_out.0,42,-0.0922694206237793
11,conv_out.0,43,-0.20531617105007172
11,conv_out.0,44,-0.0011029243469238281
11,conv_out.0,45,-0.07837556302547455
11,conv_out.0,46,-0.3594754934310913
11,conv_out.0,47,0.060689136385917664
11,conv_out.0,48,-0.564067006111145
11,conv_out.0,49,-0.5229719877243042
11,conv_out.0,50,-0.18005311489105225
11,conv_out.0,51,-0.1478879749774933
11,conv_out.0,52,-0.3567742705345154
11,conv_out.0,53,-0.0482078492641449
11,conv_out.0,54,-0.35985225439071655
11,conv_out.0,55,-0.051147282123565674
11,conv_out.0,56,-0.389439195394516
11,conv_out.0,57,0.09135445952415466
11,conv_out.0,58,-0.3146727383136749
11,conv_out.0,59,-0.07776160538196564
11,conv_out.0,60,-1.1490775346755981
11,conv_out.0,61,0.21635496616363525
11,conv_out.0,62,-0.34717488288879395
11,conv_out.0,63,-0.054761409759521484
11,conv_out.0,64,-0.11492307484149933
11,conv_out.0,65,-0.04712146520614624
11,conv_out.0,66,-0.5141589045524597
11,conv_out.0,67,0.04605063796043396
11,conv_out.0,68,-0.1674768328666687
11,conv_out.0,69,0.02184540033340454
11,conv_out.0,70,-0.12280714511871338
11,conv_out.0,71,-0.029509305953979492
11,conv_out.0,72,-0.09925507009029388
11,conv_out.0,73,0.02355782687664032
11,conv_out.0,74,-0.6083569526672363
11,conv_out.0,75,-0.20170322060585022
11,conv_out.0,76,-0.2661709189414978
11,conv_out.0,77,0.041214704513549805
11,conv_out.0,78,-0.10133922100067139
11,conv_out.0,79,0.08995261788368225
11,conv_out.0,80,-0.14000222086906433
11,conv_out.0,81,-0.026353362947702408
11,conv_out.0,82,-0.3254215717315674
11,conv_out.0,83,0.09173029661178589
11,conv_out.0,84,0.021143019199371338
11,conv_out.0,85,-0.0556829571723938
11,conv_out.0,86,-0.5208842158317566
11,conv_out.0,87,0.08971095085144043
11,conv_out.0,88,-0.6998140215873718
11,conv_out.0,89,-0.15682074427604675
11,conv_out.0,90,-0.25841808319091797
11,conv_out.0,91,-0.0029498040676116943
11,conv_out.0,92,-0.1402275562286377
11,conv_out.0,93,-0.16079914569854736
11,conv_out.0,94,-0.03412415087223053
11,conv_out.0,95,0.12021273374557495
11,conv_out.0,96,0.20088768005371094
11,conv_out.0,97,-0.14350545406341553
11,conv_out.0,98,-0.28800225257873535
11,conv_out.0,99,-0.4398918151855469
11,conv_out.0,100,-0.15146014094352722
11,conv_out.0,101,-1.4455580711364746
11,conv_out.0,102,-0.1621537059545517
11,conv_out.0,103,0.01873648166656494
11,conv_out.0,104,0.0429384708404541
11,conv_out.0,105,0.20327769219875336
11,conv_out.0,106,-0.523910641670227
11,conv_out.0,107,0.07480084896087646
11,conv_out.0,108,-0.15329325199127197
11,conv_out.0,109,-0.5501587390899658
11,conv_out.0,110,0.22813835740089417
11,conv_out.0,111,-0.23285701870918274
11,conv_out.0,112,-0.11969752609729767
11,conv_out.0,113,-0.14939184486865997
11,conv_out.0,114,-0.09958726167678833
11,conv_out.0,115,-0.25215935707092285
11,conv_out.0,116,-0.15664304792881012
11,conv_out.0,117,-0.05104002356529236
11,conv_out.0,118,-0.17787392437458038
11,conv_out.0,119,0.19934020936489105
11,conv_out.0,120,-0.19473642110824585
11,conv_out.0,121,-0.11009450256824493
11,conv_out.0,122,-0.47253239154815674
11,conv_out.0,123,-0.4231555759906769
11,conv_out.0,124,0.3207627832889557
11,conv_out.0,125,-0.17061834037303925
11,conv_out.0,126,-0.24117039144039154
11,conv_out.0,127,0.19625568389892578
