layer_id,module_name,channel,weight_scale,zero_point,qmin,qmax
0,conv_input.0,0,0.00025170083972625434,0,-127,127
0,conv_input.0,1,0.00016721415158826858,0,-127,127
0,conv_input.0,2,0.000201549511984922,0,-127,127
0,conv_input.0,3,0.00013998599024489522,0,-127,127
0,conv_input.0,4,0.0001738889404805377,0,-127,127
0,conv_input.0,5,0.0001747886708471924,0,-127,127
0,conv_input.0,6,0.0001455534074921161,0,-127,127
0,conv_input.0,7,7.216251833597198e-05,0,-127,127
0,conv_input.0,8,0.00022804300533607602,0,-127,127
0,conv_input.0,9,0.0001611450279597193,0,-127,127
0,conv_input.0,10,0.0054659154266119,0,-127,127
0,conv_input.0,11,0.0002715623122639954,0,-127,127
0,conv_input.0,12,0.0002786786062642932,0,-127,127
0,conv_input.0,13,0.0007883040816523135,0,-127,127
0,conv_input.0,14,0.0021698654163628817,0,-127,127
0,conv_input.0,15,0.00018509599613025784,0,-127,127
1,conv1.0.0,0,0.003277938812971115,0,-127,127
1,conv1.0.0,1,0.003274322487413883,0,-127,127
1,conv1.0.0,2,0.006616021506488323,0,-127,127
1,conv1.0.0,3,0.0037456878926604986,0,-127,127
1,conv1.0.0,4,0.0030053514055907726,0,-127,127
1,conv1.0.0,5,0.00446282746270299,0,-127,127
1,conv1.0.0,6,0.0036242881324142218,0,-127,127
1,conv1.0.0,7,0.0042399014346301556,0,-127,127
1,conv1.0.0,8,0.0054175639525055885,0,-127,127
1,conv1.0.0,9,0.005058894865214825,0,-127,127
1,conv1.0.0,10,0.012029976584017277,0,-127,127
1,conv1.0.0,11,0.003912137355655432,0,-127,127
1,conv1.0.0,12,0.003099774243310094,0,-127,127
1,conv1.0.0,13,0.002741786651313305,0,-127,127
1,conv1.0.0,14,0.007537812925875187,0,-127,127
1,conv1.0.0,15,0.003662455826997757,0,-127,127
2,conv2.0.0,0,0.003585882717743516,0,-127,127
2,conv2.0.0,1,0.0038782102055847645,0,-127,127
2,conv2.0.0,2,0.003906263504177332,0,-127,127
2,conv2.0.0,3,0.006166885606944561,0,-127,127
2,conv2.0.0,4,0.004683278035372496,0,-127,127
2,conv2.0.0,5,0.004423024598509073,0,-127,127
2,conv2.0.0,6,0.0041721295565366745,0,-127,127
2,conv2.0.0,7,0.005288063082844019,0,-127,127
2,conv2.0.0,8,0.0037556320894509554,0,-127,127
2,conv2.0.0,9,0.004123943392187357,0,-127,127
2,conv2.0.0,10,0.006110398098826408,0,-127,127
2,conv2.0.0,11,0.0048828343860805035,0,-127,127
2,conv2.0.0,12,0.003639231901615858,0,-127,127
2,conv2.0.0,13,0.0030356203205883503,0,-127,127
2,conv2.0.0,14,0.002884520450606942,0,-127,127
2,conv2.0.0,15,0.0033955243416130543,0,-127,127
2,conv2.0.0,16,0.0033966770861297846,0,-127,127
2,conv2.0.0,17,0.0040001110173761845,0,-127,127
2,conv2.0.0,18,0.008011146448552608,0,-127,127
2,conv2.0.0,19,0.0041070785373449326,0,-127,127
2,conv2.0.0,20,0.0043097371235489845,0,-127,127
2,conv2.0.0,21,0.0059555391781032085,0,-127,127
2,conv2.0.0,22,0.006520047318190336,0,-127,127
2,conv2.0.0,23,0.0036125120241194963,0,-127,127
2,conv2.0.0,24,0.004173740278929472,0,-127,127
2,conv2.0.0,25,0.00748103205114603,0,-127,127
2,conv2.0.0,26,0.004798856098204851,0,-127,127
2,conv2.0.0,27,0.005121607333421707,0,-127,127
2,conv2.0.0,28,0.006458722520619631,0,-127,127
2,conv2.0.0,29,0.003791782073676586,0,-127,127
2,conv2.0.0,30,0.003352397819980979,0,-127,127
2,conv2.0.0,31,0.0043242438696324825,0,-127,127
3,conv2.1.0,0,0.0009364121942780912,0,-127,127
3,conv2.1.0,1,0.0012406802270561457,0,-127,127
3,conv2.1.0,2,0.001688614021986723,0,-127,127
3,conv2.1.0,3,0.0013730182545259595,0,-127,127
3,conv2.1.0,4,0.0014041720423847437,0,-127,127
3,conv2.1.0,5,0.001134498044848442,0,-127,127
3,conv2.1.0,6,0.0010735138785094023,0,-127,127
3,conv2.1.0,7,0.001547277090139687,0,-127,127
3,conv2.1.0,8,0.00042363625834695995,0,-127,127
3,conv2.1.0,9,0.0009919424774125218,0,-127,127
3,conv2.1.0,10,0.0020040227100253105,0,-127,127
3,conv2.1.0,11,0.0011319565819576383,0,-127,127
3,conv2.1.0,12,0.0009529154049232602,0,-127,127
3,conv2.1.0,13,0.0016001235926523805,0,-127,127
3,conv2.1.0,14,0.0009817989775910974,0,-127,127
3,conv2.1.0,15,0.001320048701018095,0,-127,127
3,conv2.1.0,16,0.001733998185954988,0,-127,127
3,conv2.1.0,17,0.0008806670666672289,0,-127,127
3,conv2.1.0,18,0.0012706988491117954,0,-127,127
3,conv2.1.0,19,0.000856258615385741,0,-127,127
3,conv2.1.0,20,0.0014545421581715345,0,-127,127
3,conv2.1.0,21,0.0011955155059695244,0,-127,127
3,conv2.1.0,22,0.0017566323513165116,0,-127,127
3,conv2.1.0,23,0.0010724947787821293,0,-127,127
3,conv2.1.0,24,0.0010315031977370381,0,-127,127
3,conv2.1.0,25,0.0014296354493126273,0,-127,127
3,conv2.1.0,26,0.001574447494931519,0,-127,127
3,conv2.1.0,27,0.0010501452488824725,0,-127,127
3,conv2.1.0,28,0.0012927596690133214,0,-127,127
3,conv2.1.0,29,0.0015629609115421772,0,-127,127
3,conv2.1.0,30,0.0009089380037039518,0,-127,127
3,conv2.1.0,31,0.0011087899329140782,0,-127,127
4,conv2.2.0,0,0.0014740857295691967,0,-127,127
4,conv2.2.0,1,0.001232647686265409,0,-127,127
4,conv2.2.0,2,0.0015917534474283457,0,-127,127
4,conv2.2.0,3,0.0015242045046761632,0,-127,127
4,conv2.2.0,4,0.00217488338239491,0,-127,127
4,conv2.2.0,5,0.0021503265015780926,0,-127,127
4,conv2.2.0,6,0.0013127743732184172,0,-127,127
4,conv2.2.0,7,0.0025870257522910833,0,-127,127
4,conv2.2.0,8,0.002190208761021495,0,-127,127
4,conv2.2.0,9,0.0027783839032053947,0,-127,127
4,conv2.2.0,10,0.0028355401009321213,0,-127,127
4,conv2.2.0,11,0.001571898814290762,0,-127,127
4,conv2.2.0,12,0.0019014625577256083,0,-127,127
4,conv2.2.0,13,0.002062619896605611,0,-127,127
4,conv2.2.0,14,0.0016965821851044893,0,-127,127
4,conv2.2.0,15,0.0016508626285940409,0,-127,127
4,conv2.2.0,16,0.001734509482048452,0,-127,127
4,conv2.2.0,17,0.001883618999272585,0,-127,127
4,conv2.2.0,18,0.0020622126758098602,0,-127,127
4,conv2.2.0,19,0.001850211527198553,0,-127,127
4,conv2.2.0,20,0.0015524679329246283,0,-127,127
4,conv2.2.0,21,0.003463790053501725,0,-127,127
4,conv2.2.0,22,0.004244992975145578,0,-127,127
4,conv2.2.0,23,0.0018453202210366726,0,-127,127
4,conv2.2.0,24,0.0013052633730694652,0,-127,127
4,conv2.2.0,25,0.002476431429386139,0,-127,127
4,conv2.2.0,26,0.0031075142323970795,0,-127,127
4,conv2.2.0,27,0.0018445515306666493,0,-127,127
4,conv2.2.0,28,0.0016764083411544561,0,-127,127
4,conv2.2.0,29,0.0022225368302315474,0,-127,127
4,conv2.2.0,30,0.0016651198966428638,0,-127,127
4,conv2.2.0,31,0.001693005790002644,0,-127,127
5,conv3.0.0,0,0.0020551630295813084,0,-127,127
5,conv3.0.0,1,0.001465706154704094,0,-127,127
5,conv3.0.0,2,0.0014968009199947119,0,-127,127
5,conv3.0.0,3,0.0014623758615925908,0,-127,127
5,conv3.0.0,4,0.0018400461412966251,0,-127,127
5,conv3.0.0,5,0.0021301533561199903,0,-127,127
5,conv3.0.0,6,0.0014857860514894128,0,-127,127
5,conv3.0.0,7,0.001072386046871543,0,-127,127
5,conv3.0.0,8,0.002337314188480377,0,-127,127
5,conv3.0.0,9,0.0014264778001233935,0,-127,127
5,conv3.0.0,10,0.0020268517546355724,0,-127,127
5,conv3.0.0,11,0.0021184436045587063,0,-127,127
5,conv3.0.0,12,0.001694448641501367,0,-127,127
5,conv3.0.0,13,0.0019455570727586746,0,-127,127
5,conv3.0.0,14,0.0012444144813343883,0,-127,127
5,conv3.0.0,15,0.001604521763511002,0,-127,127
5,conv3.0.0,16,0.00277762021869421,0,-127,127
5,conv3.0.0,17,0.0018978508887812495,0,-127,127
5,conv3.0.0,18,0.0016790243098512292,0,-127,127
5,conv3.0.0,19,0.0021689794957637787,0,-127,127
5,conv3.0.0,20,0.0011779178166761994,0,-127,127
5,conv3.0.0,21,0.001723513356409967,0,-127,127
5,conv3.0.0,22,0.0018275099573656917,0,-127,127
5,conv3.0.0,23,0.0016260510310530663,0,-127,127
5,conv3.0.0,24,0.001714608515612781,0,-127,127
5,conv3.0.0,25,0.0013772662496194243,0,-127,127
5,conv3.0.0,26,0.0028025705832988024,0,-127,127
5,conv3.0.0,27,0.0018338264198973775,0,-127,127
5,conv3.0.0,28,0.002017814898863435,0,-127,127
5,conv3.0.0,29,0.0032159953843802214,0,-127,127
5,conv3.0.0,30,0.0023158001713454723,0,-127,127
5,conv3.0.0,31,0.0020850887522101402,0,-127,127
5,conv3.0.0,32,0.0020523974671959877,0,-127,127
5,conv3.0.0,33,0.0018216917524114251,0,-127,127
5,conv3.0.0,34,0.0017266044160351157,0,-127,127
5,conv3.0.0,35,0.0015919096767902374,0,-127,127
5,conv3.0.0,36,0.0015924520557746291,0,-127,127
5,conv3.0.0,37,0.0019735321402549744,0,-127,127
5,conv3.0.0,38,0.0022826935164630413,0,-127,127
5,conv3.0.0,39,0.0014527583261951804,0,-127,127
5,conv3.0.0,40,0.0023687570355832577,0,-127,127
5,conv3.0.0,41,0.001375124673359096,0,-127,127
5,conv3.0.0,42,0.0017302037449553609,0,-127,127
5,conv3.0.0,43,0.0018817444797605276,0,-127,127
5,conv3.0.0,44,0.0016665220027789474,0,-127,127
5,conv3.0.0,45,0.0013858427992090583,0,-127,127
5,conv3.0.0,46,0.001848252722993493,0,-127,127
5,conv3.0.0,47,0.001741497777402401,0,-127,127
5,conv3.0.0,48,0.001381691894493997,0,-127,127
5,conv3.0.0,49,0.0017559889238327742,0,-127,127
5,conv3.0.0,50,0.00161563151050359,0,-127,127
5,conv3.0.0,51,0.0017367027467116714,0,-127,127
5,conv3.0.0,52,0.002228647703304887,0,-127,127
5,conv3.0.0,53,0.0009969641687348485,0,-127,127
5,conv3.0.0,54,0.002148722531273961,0,-127,127
5,conv3.0.0,55,0.001708059455268085,0,-127,127
5,conv3.0.0,56,0.001640350092202425,0,-127,127
5,conv3.0.0,57,0.0016936247702687979,0,-127,127
5,conv3.0.0,58,0.001738341641612351,0,-127,127
5,conv3.0.0,59,0.001781284692697227,0,-127,127
5,conv3.0.0,60,0.0016431828262284398,0,-127,127
5,conv3.0.0,61,0.002333437092602253,0,-127,127
5,conv3.0.0,62,0.0019231672631576657,0,-127,127
5,conv3.0.0,63,0.0020066385623067617,0,-127,127
6,conv3.1.0,0,0.0006021593580953777,0,-127,127
6,conv3.1.0,1,0.0007249095942825079,0,-127,127
6,conv3.1.0,2,0.0007869125111028552,0,-127,127
6,conv3.1.0,3,0.0006577898166142404,0,-127,127
6,conv3.1.0,4,0.0009538398589938879,0,-127,127
6,conv3.1.0,5,0.0005999018903821707,0,-127,127
6,conv3.1.0,6,0.0005817975616082549,0,-127,127
6,conv3.1.0,7,0.0008102829451672733,0,-127,127
6,conv3.1.0,8,0.0006270567537285388,0,-127,127
6,conv3.1.0,9,0.000591897638514638,0,-127,127
6,conv3.1.0,10,0.0006147562526166439,0,-127,127
6,conv3.1.0,11,0.001141211367212236,0,-127,127
6,conv3.1.0,12,0.0007548258290626109,0,-127,127
6,conv3.1.0,13,0.00047059589996933937,0,-127,127
6,conv3.1.0,14,0.000829191121738404,0,-127,127
6,conv3.1.0,15,0.0007944536628201604,0,-127,127
6,conv3.1.0,16,0.000595661869738251,0,-127,127
6,conv3.1.0,17,0.0006867200136184692,0,-127,127
6,conv3.1.0,18,0.0007787598296999931,0,-127,127
6,conv3.1.0,19,0.0006728832377120852,0,-127,127
6,conv3.1.0,20,0.001461318926885724,0,-127,127
6,conv3.1.0,21,0.0008498589741066098,0,-127,127
6,conv3.1.0,22,0.0005940360715612769,0,-127,127
6,conv3.1.0,23,0.0005881679826416075,0,-127,127
6,conv3.1.0,24,0.0007188605959527194,0,-127,127
6,conv3.1.0,25,0.0007523813401348889,0,-127,127
6,conv3.1.0,26,0.0007145878043957055,0,-127,127
6,conv3.1.0,27,0.0005742876091971993,0,-127,127
6,conv3.1.0,28,0.0008180684526450932,0,-127,127
6,conv3.1.0,29,0.0006794423097744584,0,-127,127
6,conv3.1.0,30,0.001039564493112266,0,-127,127
6,conv3.1.0,31,0.0008694432326592505,0,-127,127
6,conv3.1.0,32,0.0006551830447278917,0,-127,127
6,conv3.1.0,33,0.0009512196411378682,0,-127,127
6,conv3.1.0,34,0.0006660378421656787,0,-127,127
6,conv3.1.0,35,0.0006425392348319292,0,-127,127
6,conv3.1.0,36,0.0005823720130138099,0,-127,127
6,conv3.1.0,37,0.0007066644029691815,0,-127,127
6,conv3.1.0,38,0.0015693804016336799,0,-127,127
6,conv3.1.0,39,0.0008739428012631834,0,-127,127
6,conv3.1.0,40,0.0006933743134140968,0,-127,127
6,conv3.1.0,41,0.0011757962638512254,0,-127,127
6,conv3.1.0,42,0.0006962809711694717,0,-127,127
6,conv3.1.0,43,0.0005732733407057822,0,-127,127
6,conv3.1.0,44,0.0007068683626130223,0,-127,127
6,conv3.1.0,45,0.0005849712761119008,0,-127,127
6,conv3.1.0,46,0.0006044359179213643,0,-127,127
6,conv3.1.0,47,0.00045023972052149475,0,-127,127
6,conv3.1.0,48,0.001120021683163941,0,-127,127
6,conv3.1.0,49,0.0006322870613075793,0,-127,127
6,conv3.1.0,50,0.0006990346591919661,0,-127,127
6,conv3.1.0,51,0.0007604123675264418,0,-127,127
6,conv3.1.0,52,0.0008749898988753557,0,-127,127
6,conv3.1.0,53,0.0005638322909362614,0,-127,127
6,conv3.1.0,54,0.000781843438744545,0,-127,127
6,conv3.1.0,55,0.000517998356372118,0,-127,127
6,conv3.1.0,56,0.0009394236258231103,0,-127,127
6,conv3.1.0,57,0.0008831897284835577,0,-127,127
6,conv3.1.0,58,0.0009076686692424119,0,-127,127
6,conv3.1.0,59,0.0007480880012735724,0,-127,127
6,conv3.1.0,60,0.000612900301348418,0,-127,127
6,conv3.1.0,61,0.0010469863191246986,0,-127,127
6,conv3.1.0,62,0.0014707359950989485,0,-127,127
6,conv3.1.0,63,0.0008924624999053776,0,-127,127
7,conv3.2.0,0,0.0017082939157262444,0,-127,127
7,conv3.2.0,1,0.0013539998326450586,0,-127,127
7,conv3.2.0,2,0.0018729803850874305,0,-127,127
7,conv3.2.0,3,0.0011159921996295452,0,-127,127
7,conv3.2.0,4,0.0010109922150149941,0,-127,127
7,conv3.2.0,5,0.0015154056018218398,0,-127,127
7,conv3.2.0,6,0.0012554462300613523,0,-127,127
7,conv3.2.0,7,0.0013410630635917187,0,-127,127
7,conv3.2.0,8,0.0011849300935864449,0,-127,127
7,conv3.2.0,9,0.0013140176888555288,0,-127,127
7,conv3.2.0,10,0.0013021212071180344,0,-127,127
7,conv3.2.0,11,0.001326397410593927,0,-127,127
7,conv3.2.0,12,0.0016081612557172775,0,-127,127
7,conv3.2.0,13,0.0016842756886035204,0,-127,127
7,conv3.2.0,14,0.0023697838187217712,0,-127,127
7,conv3.2.0,15,0.0016503469087183475,0,-127,127
7,conv3.2.0,16,0.0012455058749765158,0,-127,127
7,conv3.2.0,17,0.001785650965757668,0,-127,127
7,conv3.2.0,18,0.001311205793172121,0,-127,127
7,conv3.2.0,19,0.0011467410949990153,0,-127,127
7,conv3.2.0,20,0.001452576252631843,0,-127,127
7,conv3.2.0,21,0.0011787413386628032,0,-127,127
7,conv3.2.0,22,0.001156209851615131,0,-127,127
7,conv3.2.0,23,0.0012801990378648043,0,-127,127
7,conv3.2.0,24,0.0018427547765895724,0,-127,127
7,conv3.2.0,25,0.0011068418389186263,0,-127,127
7,conv3.2.0,26,0.0012493599206209183,0,-127,127
7,conv3.2.0,27,0.0011004616972059011,0,-127,127
7,conv3.2.0,28,0.0016317990375682712,0,-127,127
7,conv3.2.0,29,0.0011129099875688553,0,-127,127
7,conv3.2.0,30,0.0012149098329246044,0,-127,127
7,conv3.2.0,31,0.0012388149043545127,0,-127,127
7,conv3.2.0,32,0.0011499430984258652,0,-127,127
7,conv3.2.0,33,0.0013499329797923565,0,-127,127
7,conv3.2.0,34,0.00118739262688905,0,-127,127
7,conv3.2.0,35,0.0009988826932385564,0,-127,127
7,conv3.2.0,36,0.0011134238447993994,0,-127,127
7,conv3.2.0,37,0.0013550083385780454,0,-127,127
7,conv3.2.0,38,0.000967379950452596,0,-127,127
7,conv3.2.0,39,0.0013771658996120095,0,-127,127
7,conv3.2.0,40,0.0012179784243926406,0,-127,127
7,conv3.2.0,41,0.0010457580210641026,0,-127,127
7,conv3.2.0,42,0.001172006013803184,0,-127,127
7,conv3.2.0,43,0.001562207005918026,0,-127,127
7,conv3.2.0,44,0.0015496149426326156,0,-127,127
7,conv3.2.0,45,0.0010491206776350737,0,-127,127
7,conv3.2.0,46,0.001677415450103581,0,-127,127
7,conv3.2.0,47,0.0017238250002264977,0,-127,127
7,conv3.2.0,48,0.0009391722269356251,0,-127,127
7,conv3.2.0,49,0.0011128690093755722,0,-127,127
7,conv3.2.0,50,0.001278428127989173,0,-127,127
7,conv3.2.0,51,0.00127097824588418,0,-127,127
7,conv3.2.0,52,0.0011073787463828921,0,-127,127
7,conv3.2.0,53,0.0017719513271003962,0,-127,127
7,conv3.2.0,54,0.0015427644830197096,0,-127,127
7,conv3.2.0,55,0.0012259952491149306,0,-127,127
7,conv3.2.0,56,0.0010663782013580203,0,-127,127
7,conv3.2.0,57,0.0013299944112077355,0,-127,127
7,conv3.2.0,58,0.001127307885326445,0,-127,127
7,conv3.2.0,59,0.0014485978754237294,0,-127,127
7,conv3.2.0,60,0.0014387053670361638,0,-127,127
7,conv3.2.0,61,0.0007918071933090687,0,-127,127
7,conv3.2.0,62,0.0013775706756860018,0,-127,127
7,conv3.2.0,63,0.0015838791150599718,0,-127,127
8,conv4.0.0,0,0.001560742617584765,0,-127,127
8,conv4.0.0,1,0.0014942493289709091,0,-127,127
8,conv4.0.0,2,0.0012566900113597512,0,-127,127
8,conv4.0.0,3,0.0016055237501859665,0,-127,127
8,conv4.0.0,4,0.001631811261177063,0,-127,127
8,conv4.0.0,5,0.0018077085260301828,0,-127,127
8,conv4.0.0,6,0.0015637004980817437,0,-127,127
8,conv4.0.0,7,0.0017182937590405345,0,-127,127
8,conv4.0.0,8,0.001896248897537589,0,-127,127
8,conv4.0.0,9,0.002049865433946252,0,-127,127
8,conv4.0.0,10,0.0015559308230876923,0,-127,127
8,conv4.0.0,11,0.0015931318048387766,0,-127,127
8,conv4.0.0,12,0.0016578052891418338,0,-127,127
8,conv4.0.0,13,0.0014490250032395124,0,-127,127
8,conv4.0.0,14,0.0018402693094685674,0,-127,127
8,conv4.0.0,15,0.0016325979959219694,0,-127,127
8,conv4.0.0,16,0.0016794027760624886,0,-127,127
8,conv4.0.0,17,0.0012583399657160044,0,-127,127
8,conv4.0.0,18,0.0019991262815892696,0,-127,127
8,conv4.0.0,19,0.0020383212249726057,0,-127,127
8,conv4.0.0,20,0.0016894746804609895,0,-127,127
8,conv4.0.0,21,0.0016144581604748964,0,-127,127
8,conv4.0.0,22,0.0015840171836316586,0,-127,127
8,conv4.0.0,23,0.0018926721531897783,0,-127,127
8,conv4.0.0,24,0.0015282620443031192,0,-127,127
8,conv4.0.0,25,0.0015963169280439615,0,-127,127
8,conv4.0.0,26,0.0015825831796973944,0,-127,127
8,conv4.0.0,27,0.001867416431196034,0,-127,127
8,conv4.0.0,28,0.0014733683783560991,0,-127,127
8,conv4.0.0,29,0.0020340299233794212,0,-127,127
8,conv4.0.0,30,0.0015747464494779706,0,-127,127
8,conv4.0.0,31,0.0020865844562649727,0,-127,127
8,conv4.0.0,32,0.0015067182248458266,0,-127,127
8,conv4.0.0,33,0.0015717314090579748,0,-127,127
8,conv4.0.0,34,0.0024685689713805914,0,-127,127
8,conv4.0.0,35,0.0019324887543916702,0,-127,127
8,conv4.0.0,36,0.0015589505201205611,0,-127,127
8,conv4.0.0,37,0.0019898004829883575,0,-127,127
8,conv4.0.0,38,0.001458329614251852,0,-127,127
8,conv4.0.0,39,0.0014088033931329846,0,-127,127
8,conv4.0.0,40,0.0016595607157796621,0,-127,127
8,conv4.0.0,41,0.0021717797499150038,0,-127,127
8,conv4.0.0,42,0.0014381820801645517,0,-127,127
8,conv4.0.0,43,0.0016849167877808213,0,-127,127
8,conv4.0.0,44,0.001772772753611207,0,-127,127
8,conv4.0.0,45,0.0015615667216479778,0,-127,127
8,conv4.0.0,46,0.001855733571574092,0,-127,127
8,conv4.0.0,47,0.001678650383837521,0,-127,127
8,conv4.0.0,48,0.0014977052342146635,0,-127,127
8,conv4.0.0,49,0.001713344594463706,0,-127,127
8,conv4.0.0,50,0.0013527924893423915,0,-127,127
8,conv4.0.0,51,0.0014778240583837032,0,-127,127
8,conv4.0.0,52,0.0013196920044720173,0,-127,127
8,conv4.0.0,53,0.0010739630088210106,0,-127,127
8,conv4.0.0,54,0.002027826849371195,0,-127,127
8,conv4.0.0,55,0.0013712018262594938,0,-127,127
8,conv4.0.0,56,0.0016846602084115148,0,-127,127
8,conv4.0.0,57,0.0016038493486121297,0,-127,127
8,conv4.0.0,58,0.0015685163671150804,0,-127,127
8,conv4.0.0,59,0.001989996060729027,0,-127,127
8,conv4.0.0,60,0.001627243123948574,0,-127,127
8,conv4.0.0,61,0.001371920807287097,0,-127,127
8,conv4.0.0,62,0.0016040700720623136,0,-127,127
8,conv4.0.0,63,0.0013446041848510504,0,-127,127
9,conv4.1.0,0,0.0007997002103365958,0,-127,127
9,conv4.1.0,1,0.0007553735631518066,0,-127,127
9,conv4.1.0,2,0.0007983973482623696,0,-127,127
9,conv4.1.0,3,0.0006370028713718057,0,-127,127
9,conv4.1.0,4,0.0006972436094656587,0,-127,127
9,conv4.1.0,5,0.0007049660198390484,0,-127,127
9,conv4.1.0,6,0.0006224256358109415,0,-127,127
9,conv4.1.0,7,0.0006074887351132929,0,-127,127
9,conv4.1.0,8,0.000995553215034306,0,-127,127
9,conv4.1.0,9,0.0011227978393435478,0,-127,127
9,conv4.1.0,10,0.0009259226499125361,0,-127,127
9,conv4.1.0,11,0.0007850268157199025,0,-127,127
9,conv4.1.0,12,0.00082676752936095,0,-127,127
9,conv4.1.0,13,0.0007732656085863709,0,-127,127
9,conv4.1.0,14,0.0006367801106534898,0,-127,127
9,conv4.1.0,15,0.0006697946228086948,0,-127,127
9,conv4.1.0,16,0.0005922644049860537,0,-127,127
9,conv4.1.0,17,0.00060454779304564,0,-127,127
9,conv4.1.0,18,0.00064202951034531,0,-127,127
9,conv4.1.0,19,0.000998609233647585,0,-127,127
9,conv4.1.0,20,0.0008477570954710245,0,-127,127
9,conv4.1.0,21,0.001017122296616435,0,-127,127
9,conv4.1.0,22,0.0005947389872744679,0,-127,127
9,conv4.1.0,23,0.0007951136212795973,0,-127,127
9,conv4.1.0,24,0.0008537418907508254,0,-127,127
9,conv4.1.0,25,0.0008820978691801429,0,-127,127
9,conv4.1.0,26,0.0007914810557849705,0,-127,127
9,conv4.1.0,27,0.0005806722911074758,0,-127,127
9,conv4.1.0,28,0.000858467654325068,0,-127,127
9,conv4.1.0,29,0.0007141578826121986,0,-127,127
9,conv4.1.0,30,0.0008516142843291163,0,-127,127
9,conv4.1.0,31,0.0006821532151661813,0,-127,127
9,conv4.1.0,32,0.0007140160887502134,0,-127,127
9,conv4.1.0,33,0.0006993946735747159,0,-127,127
9,conv4.1.0,34,0.0005769178387708962,0,-127,127
9,conv4.1.0,35,0.0011075383517891169,0,-127,127
9,conv4.1.0,36,0.0007991586462594569,0,-127,127
9,conv4.1.0,37,0.0006473609828390181,0,-127,127
9,conv4.1.0,38,0.0007074217428453267,0,-127,127
9,conv4.1.0,39,0.0007291764486581087,0,-127,127
9,conv4.1.0,40,0.0006513033877126873,0,-127,127
9,conv4.1.0,41,0.0009341645636595786,0,-127,127
9,conv4.1.0,42,0.0006525854114443064,0,-127,127
9,conv4.1.0,43,0.000854851386975497,0,-127,127
9,conv4.1.0,44,0.0006174128502607346,0,-127,127
9,conv4.1.0,45,0.0007248515030369163,0,-127,127
9,conv4.1.0,46,0.00090938521316275,0,-127,127
9,conv4.1.0,47,0.0009438073029741645,0,-127,127
9,conv4.1.0,48,0.0011313543654978275,0,-127,127
9,conv4.1.0,49,0.0012404165463522077,0,-127,127
9,conv4.1.0,50,0.0005451733013615012,0,-127,127
9,conv4.1.0,51,0.000579889107029885,0,-127,127
9,conv4.1.0,52,0.0007002921774983406,0,-127,127
9,conv4.1.0,53,0.0006544429925270379,0,-127,127
9,conv4.1.0,54,0.0006228226120583713,0,-127,127
9,conv4.1.0,55,0.0010004239156842232,0,-127,127
9,conv4.1.0,56,0.0007438137545250356,0,-127,127
9,conv4.1.0,57,0.0005241089384071529,0,-127,127
9,conv4.1.0,58,0.0006783076678402722,0,-127,127
9,conv4.1.0,59,0.0007215900695882738,0,-127,127
9,conv4.1.0,60,0.0007268772460520267,0,-127,127
9,conv4.1.0,61,0.0007649752660654485,0,-127,127
9,conv4.1.0,62,0.000632399576716125,0,-127,127
9,conv4.1.0,63,0.0008268888923339546,0,-127,127
10,conv4.2.0,0,0.00095652777235955,0,-127,127
10,conv4.2.0,1,0.0009445358300581574,0,-127,127
10,conv4.2.0,2,0.0009212219738401473,0,-127,127
10,conv4.2.0,3,0.0010972780873999,0,-127,127
10,conv4.2.0,4,0.0010473796864971519,0,-127,127
10,conv4.2.0,5,0.0015231920406222343,0,-127,127
10,conv4.2.0,6,0.0008290880941785872,0,-127,127
10,conv4.2.0,7,0.0008033269550651312,0,-127,127
10,conv4.2.0,8,0.001138594001531601,0,-127,127
10,conv4.2.0,9,0.0009823197033256292,0,-127,127
10,conv4.2.0,10,0.0010038571199402213,0,-127,127
10,conv4.2.0,11,0.0009087490616366267,0,-127,127
10,conv4.2.0,12,0.0008720171172171831,0,-127,127
10,conv4.2.0,13,0.0011405711993575096,0,-127,127
10,conv4.2.0,14,0.0011713426792994142,0,-127,127
10,conv4.2.0,15,0.0008689356618560851,0,-127,127
10,conv4.2.0,16,0.0011075419606640935,0,-127,127
10,conv4.2.0,17,0.0010615290375426412,0,-127,127
10,conv4.2.0,18,0.0011437430512160063,0,-127,127
10,conv4.2.0,19,0.0013708925107493997,0,-127,127
10,conv4.2.0,20,0.0012037125416100025,0,-127,127
10,conv4.2.0,21,0.0010070658754557371,0,-127,127
10,conv4.2.0,22,0.0009146409574896097,0,-127,127
10,conv4.2.0,23,0.0011755734449252486,0,-127,127
10,conv4.2.0,24,0.0011858687503263354,0,-127,127
10,conv4.2.0,25,0.0011602643644437194,0,-127,127
10,conv4.2.0,26,0.0009216724429279566,0,-127,127
10,conv4.2.0,27,0.0011493709171190858,0,-127,127
10,conv4.2.0,28,0.001127720344811678,0,-127,127
10,conv4.2.0,29,0.0011329040862619877,0,-127,127
10,conv4.2.0,30,0.0013728899648413062,0,-127,127
10,conv4.2.0,31,0.001336816349066794,0,-127,127
10,conv4.2.0,32,0.0011183213209733367,0,-127,127
10,conv4.2.0,33,0.0012116065481677651,0,-127,127
10,conv4.2.0,34,0.0007972597377374768,0,-127,127
10,conv4.2.0,35,0.0009918884607031941,0,-127,127
10,conv4.2.0,36,0.0009178007021546364,0,-127,127
10,conv4.2.0,37,0.0012914245016872883,0,-127,127
10,conv4.2.0,38,0.0017237566644325852,0,-127,127
10,conv4.2.0,39,0.0010482940124347806,0,-127,127
10,conv4.2.0,40,0.001062085386365652,0,-127,127
10,conv4.2.0,41,0.0009289443260058761,0,-127,127
10,conv4.2.0,42,0.0008056153310462832,0,-127,127
10,conv4.2.0,43,0.0009390011546202004,0,-127,127
10,conv4.2.0,44,0.001135544036515057,0,-127,127
10,conv4.2.0,45,0.0010580848902463913,0,-127,127
10,conv4.2.0,46,0.0010201166151091456,0,-127,127
10,conv4.2.0,47,0.0008750862325541675,0,-127,127
10,conv4.2.0,48,0.0012381832348182797,0,-127,127
10,conv4.2.0,49,0.001053868094459176,0,-127,127
10,conv4.2.0,50,0.001248032203875482,0,-127,127
10,conv4.2.0,51,0.0010298114502802491,0,-127,127
10,conv4.2.0,52,0.0011392126325517893,0,-127,127
10,conv4.2.0,53,0.0009876082185655832,0,-127,127
10,conv4.2.0,54,0.000853136123623699,0,-127,127
10,conv4.2.0,55,0.0009482884197495878,0,-127,127
10,conv4.2.0,56,0.001243741367943585,0,-127,127
10,conv4.2.0,57,0.0010998341022059321,0,-127,127
10,conv4.2.0,58,0.0013976296177133918,0,-127,127
10,conv4.2.0,59,0.0010186885483562946,0,-127,127
10,conv4.2.0,60,0.0010782139142975211,0,-127,127
10,conv4.2.0,61,0.0011786575196310878,0,-127,127
10,conv4.2.0,62,0.0009139724425040185,0,-127,127
10,conv4.2.0,63,0.00119293003808707,0,-127,127
11,conv_out.0,0,0.0026569338515400887,0,-127,127
11,conv_out.0,1,0.0027840095572173595,0,-127,127
11,conv_out.0,2,0.003165221307426691,0,-127,127
11,conv_out.0,3,0.002876038197427988,0,-127,127
11,conv_out.0,4,0.0031699957326054573,0,-127,127
11,conv_out.0,5,0.003097867825999856,0,-127,127
11,conv_out.0,6,0.002236007945612073,0,-127,127
11,conv_out.0,7,0.002317874226719141,0,-127,127
11,conv_out.0,8,0.0022201237734407187,0,-127,127
11,conv_out.0,9,0.002560235792770982,0,-127,127
11,conv_out.0,10,0.0034844395704567432,0,-127,127
11,conv_out.0,11,0.0029821363277733326,0,-127,127
11,conv_out.0,12,0.0027924019377678633,0,-127,127
11,conv_out.0,13,0.0029780014883726835,0,-127,127
11,conv_out.0,14,0.001983649330213666,0,-127,127
11,conv_out.0,15,0.002951578935608268,0,-127,127
11,conv_out.0,16,0.0027402695268392563,0,-127,127
11,conv_out.0,17,0.0026830933056771755,0,-127,127
11,conv_out.0,18,0.004419031552970409,0,-127,127
11,conv_out.0,19,0.0025240881368517876,0,-127,127
11,conv_out.0,20,0.0035561281256377697,0,-127,127
11,conv_out.0,21,0.0023254870902746916,0,-127,127
11,conv_out.0,22,0.004404239822179079,0,-127,127
11,conv_out.0,23,0.003258330747485161,0,-127,127
11,conv_out.0,24,0.00479687936604023,0,-127,127
11,conv_out.0,25,0.003282627323642373,0,-127,127
11,conv_out.0,26,0.0023936887737363577,0,-127,127
11,conv_out.0,27,0.002536875195801258,0,-127,127
11,conv_out.0,28,0.0024816403165459633,0,-127,127
11,conv_out.0,29,0.003790278686210513,0,-127,127
11,conv_out.0,30,0.002340771723538637,0,-127,127
11,conv_out.0,31,0.002701669465750456,0,-127,127
11,conv_out.0,32,0.0021045038010925055,0,-127,127
11,conv_out.0,33,0.002403366146609187,0,-127,127
11,conv_out.0,34,0.0025102936197072268,0,-127,127
11,conv_out.0,35,0.00345019088126719,0,-127,127
11,conv_out.0,36,0.0022251366171985865,0,-127,127
11,conv_out.0,37,0.004691496957093477,0,-127,127
11,conv_out.0,38,0.002582492306828499,0,-127,127
11,conv_out.0,39,0.002944053616374731,0,-127,127
11,conv_out.0,40,0.0042906468734145164,0,-127,127
11,conv_out.0,41,0.0028288315515965223,0,-127,127
11,conv_out.0,42,0.002733892295509577,0,-127,127
11,conv_out.0,43,0.003105590585619211,0,-127,127
11,conv_out.0,44,0.004343414679169655,0,-127,127
11,conv_out.0,45,0.0029148089233785868,0,-127,127
11,conv_out.0,46,0.0022800294682383537,0,-127,127
11,conv_out.0,47,0.003080635564401746,0,-127,127
11,conv_out.0,48,0.002827785210683942,0,-127,127
11,conv_out.0,49,0.0037419667933136225,0,-127,127
11,conv_out.0,50,0.0022968086414039135,0,-127,127
11,conv_out.0,51,0.003127354197204113,0,-127,127
11,conv_out.0,52,0.0031915244180709124,0,-127,127
11,conv_out.0,53,0.0027463340666145086,0,-127,127
11,conv_out.0,54,0.002871614182367921,0,-127,127
11,conv_out.0,55,0.002765152370557189,0,-127,127
11,conv_out.0,56,0.00445727352052927,0,-127,127
11,conv_out.0,57,0.002719435142353177,0,-127,127
11,conv_out.0,58,0.002080385573208332,0,-127,127
11,conv_out.0,59,0.002369957510381937,0,-127,127
11,conv_out.0,60,0.002106278669089079,0,-127,127
11,conv_out.0,61,0.0025941519998013973,0,-127,127
11,conv_out.0,62,0.003567667677998543,0,-127,127
11,conv_out.0,63,0.0031570936553180218,0,-127,127
11,conv_out.0,64,0.0029725416097790003,0,-127,127
11,conv_out.0,65,0.002610244322568178,0,-127,127
11,conv_out.0,66,0.0038788027595728636,0,-127,127
11,conv_out.0,67,0.002486016834154725,0,-127,127
11,conv_out.0,68,0.0024983715265989304,0,-127,127
11,conv_out.0,69,0.002680388744920492,0,-127,127
11,conv_out.0,70,0.0027244205120950937,0,-127,127
11,conv_out.0,71,0.002180470386520028,0,-127,127
11,conv_out.0,72,0.0029119253158569336,0,-127,127
11,conv_out.0,73,0.0022333336528390646,0,-127,127
11,conv_out.0,74,0.003484741784632206,0,-127,127
11,conv_out.0,75,0.002795049687847495,0,-127,127
11,conv_out.0,76,0.003266802290454507,0,-127,127
11,conv_out.0,77,0.0024752174504101276,0,-127,127
11,conv_out.0,78,0.003264164552092552,0,-127,127
11,conv_out.0,79,0.0028652732726186514,0,-127,127
11,conv_out.0,80,0.002586610149592161,0,-127,127
11,conv_out.0,81,0.00271729938685894,0,-127,127
11,conv_out.0,82,0.0032366174273192883,0,-127,127
11,conv_out.0,83,0.003442200366407633,0,-127,127
11,conv_out.0,84,0.004046985879540443,0,-127,127
11,conv_out.0,85,0.002962973667308688,0,-127,127
11,conv_out.0,86,0.003190040122717619,0,-127,127
11,conv_out.0,87,0.003941270988434553,0,-127,127
11,conv_out.0,88,0.002678323071449995,0,-127,127
11,conv_out.0,89,0.0034090992994606495,0,-127,127
11,conv_out.0,90,0.002803537528961897,0,-127,127
11,conv_out.0,91,0.0034231976605951786,0,-127,127
11,conv_out.0,92,0.0029429616406559944,0,-127,127
11,conv_out.0,93,0.004221402108669281,0,-127,127
11,conv_out.0,94,0.0033777584321796894,0,-127,127
11,conv_out.0,95,0.002393527189269662,0,-127,127
11,conv_out.0,96,0.002058230107650161,0,-127,127
11,conv_out.0,97,0.0034125824458897114,0,-127,127
11,conv_out.0,98,0.002435898408293724,0,-127,127
11,conv_out.0,99,0.002557535655796528,0,-127,127
11,conv_out.0,100,0.0023845660034567118,0,-127,127
11,conv_out.0,101,0.0025298979599028826,0,-127,127
11,conv_out.0,102,0.002754705725237727,0,-127,127
11,conv_out.0,103,0.002907821675762534,0,-127,127
11,conv_out.0,104,0.0028317738324403763,0,-127,127
11,conv_out.0,105,0.002293697325512767,0,-127,127
11,conv_out.0,106,0.002870881464332342,0,-127,127
11,conv_out.0,107,0.002567709656432271,0,-127,127
11,conv_out.0,108,0.0019918561447411776,0,-127,127
11,conv_out.0,109,0.001990371849387884,0,-127,127
11,conv_out.0,110,0.0021236641332507133,0,-127,127
11,conv_out.0,111,0.0026443921960890293,0,-127,127
11,conv_out.0,112,0.00426669092848897,0,-127,127
11,conv_out.0,113,0.002629850059747696,0,-127,127
11,conv_out.0,114,0.002721143886446953,0,-127,127
11,conv_out.0,115,0.002350639319047332,0,-127,127
11,conv_out.0,116,0.0020880023948848248,0,-127,127
11,conv_out.0,117,0.002467710291966796,0,-127,127
11,conv_out.0,118,0.0028548629488795996,0,-127,127
11,conv_out.0,119,0.003163716522976756,0,-127,127
11,conv_out.0,120,0.0035616469103842974,0,-127,127
11,conv_out.0,121,0.002666906686499715,0,-127,127
11,conv_out.0,122,0.0025021552573889494,0,-127,127
11,conv_out.0,123,0.0033678789623081684,0,-127,127
11,conv_out.0,124,0.003201765939593315,0,-127,127
11,conv_out.0,125,0.0022583852987736464,0,-127,127
11,conv_out.0,126,0.0028685773722827435,0,-127,127
11,conv_out.0,127,0.0021928877104073763,0,-127,127
