frame_id,n_blocks,n_le_limit,coverage,reshape_frac,mean_nb,p95_nb,max_nb
000000,634,598,0.943217665615142,0.056782334384858045,34.82649842271293,131.35000000000002,385
000001,912,906,0.993421052631579,0.006578947368421052,23.907894736842106,58.349999999999795,214
000002,559,523,0.9355992844364938,0.06440071556350627,41.46153846153846,150.70000000000016,372
000003,616,583,0.9464285714285714,0.05357142857142857,35.9025974025974,129.25,304
000004,907,906,0.9988974641675854,0.0011025358324145535,22.814773980154357,53.099999999999795,143
000005,843,837,0.9928825622775801,0.0071174377224199285,24.202846975088967,59.89999999999998,191
000006,921,903,0.9804560260586319,0.019543973941368076,26.07274701411509,57.0,222
000007,1021,1018,0.9970617042115573,0.002938295788442703,20.515181194906955,48.0,163
000008,688,677,0.9840116279069767,0.015988372093023256,27.364825581395348,88.64999999999998,249
000009,904,902,0.9977876106194691,0.0022123893805309734,22.248893805309734,47.0,169
000010,862,854,0.9907192575406032,0.009280742459396751,22.324825986078885,53.899999999999864,181
000011,867,855,0.986159169550173,0.01384083044982699,26.348327566320645,61.69999999999993,341
000012,856,852,0.9953271028037384,0.004672897196261682,21.580607476635514,46.0,211
000013,1060,1055,0.9952830188679245,0.0047169811320754715,19.317924528301887,60.049999999999955,182
000014,972,968,0.9958847736625515,0.00411522633744856,21.032921810699587,59.44999999999993,252
000015,824,807,0.9793689320388349,0.02063106796116505,24.79247572815534,82.84999999999991,241
000016,860,851,0.9895348837209302,0.010465116279069767,25.05581395348837,59.0,260
000017,921,919,0.997828447339848,0.002171552660152009,22.27470141150923,47.0,168
000018,900,897,0.9966666666666667,0.0033333333333333335,20.803333333333335,52.0,158
000019,588,562,0.95578231292517,0.04421768707482993,34.12244897959184,116.49999999999977,318
000020,660,625,0.946969696969697,0.05303030303030303,35.84090909090909,133.0999999999999,321
000021,713,690,0.967741935483871,0.03225806451612903,32.22159887798036,86.39999999999998,391
000022,721,702,0.9736477115117892,0.026352288488210817,28.287101248266296,79.0,289
000023,931,926,0.9946294307196563,0.0053705692803437165,23.53813104189044,60.0,276
000024,823,813,0.9878493317132442,0.012150668286755772,27.58809234507898,72.89999999999998,265
000025,635,615,0.968503937007874,0.031496062992125984,30.15748031496063,105.0,216
000026,644,621,0.9642857142857143,0.03571428571428571,32.6444099378882,100.0,375
000027,587,574,0.9778534923339012,0.022146507666098807,28.41396933560477,76.79999999999973,345
000028,646,612,0.9473684210526315,0.05263157894736842,34.205882352941174,131.5,409
000029,608,576,0.9473684210526315,0.05263157894736842,37.2171052631579,132.5999999999999,424
000030,531,506,0.9529190207156308,0.047080979284369114,39.177024482109225,128.0,270
000031,766,746,0.9738903394255874,0.02610966057441253,28.409921671018278,88.0,346
000032,782,769,0.9833759590792839,0.016624040920716114,28.831202046035806,80.89999999999986,301
000033,829,829,1.0,0.0,21.86248492159228,49.0,91
000034,912,911,0.9989035087719298,0.0010964912280701754,24.705043859649123,62.44999999999993,159
000035,1020,1008,0.9882352941176471,0.011764705882352941,23.21764705882353,62.09999999999991,254
000036,886,881,0.9943566591422122,0.0056433408577878106,18.87923250564334,42.75,243
000037,634,627,0.9889589905362776,0.011041009463722398,30.105678233438486,84.70000000000005,247
000038,883,876,0.9920724801812004,0.007927519818799546,21.800679501698756,53.0,219
000039,561,539,0.9607843137254902,0.0392156862745098,36.66131907308378,114.0,299
000040,837,827,0.98805256869773,0.011947431302270013,26.47431302270012,68.0,342
000041,971,964,0.9927909371781668,0.007209062821833162,23.4346035015448,55.0,172
000042,888,874,0.9842342342342343,0.015765765765765764,25.53265765765766,57.64999999999998,325
000043,813,793,0.97539975399754,0.024600246002460024,30.095940959409592,103.59999999999991,309
000044,1089,1084,0.9954086317722681,0.004591368227731864,19.44260789715335,61.0,203
000045,902,900,0.9977827050997783,0.0022172949002217295,23.47228381374723,53.94999999999993,146
000046,757,744,0.9828269484808454,0.017173051519154558,27.653896961690887,80.19999999999993,231
000047,730,721,0.9876712328767123,0.012328767123287671,29.13150684931507,91.0,315
000048,845,825,0.9763313609467456,0.023668639053254437,26.0508875739645,81.39999999999986,387
000049,750,734,0.9786666666666667,0.021333333333333333,26.941333333333333,74.74999999999977,312
000050,606,578,0.9537953795379538,0.0462046204620462,37.53135313531353,110.0,470
000051,929,926,0.9967707212055974,0.0032292787944025836,21.72335844994618,46.0,200
000052,830,816,0.983132530120482,0.016867469879518072,25.318072289156625,69.54999999999995,317
000053,662,648,0.9788519637462235,0.021148036253776436,26.959214501510573,77.94999999999993,223
000054,649,615,0.9476117103235747,0.05238828967642527,34.154083204930664,132.20000000000005,305
000055,1007,1005,0.9980139026812314,0.0019860973187686196,20.988083416087388,52.0,191
000056,1108,1108,1.0,0.0,18.05956678700361,54.649999999999864,125
000057,651,629,0.9662058371735791,0.03379416282642089,33.044546850998465,112.0,311
000058,649,615,0.9476117103235747,0.05238828967642527,34.12018489984592,129.60000000000002,396
000059,991,991,1.0,0.0,20.764883955600403,48.0,125
000060,1027,1023,0.9961051606621227,0.0038948393378773127,21.473222979552094,55.69999999999993,175
000061,665,647,0.9729323308270676,0.02706766917293233,30.49624060150376,94.59999999999991,293
000062,623,600,0.9630818619582665,0.03691813804173355,32.80096308186196,102.0,406
000063,641,620,0.9672386895475819,0.0327613104524181,33.30733229329173,95.0,442
000064,885,877,0.9909604519774011,0.00903954802259887,23.07005649717514,49.0,260
000065,576,550,0.9548611111111112,0.04513888888888889,35.911458333333336,121.5,365
000066,648,625,0.9645061728395061,0.035493827160493825,32.44598765432099,106.29999999999995,282
000067,847,839,0.9905548996458088,0.009445100354191263,25.376623376623378,66.39999999999986,216
000068,754,744,0.986737400530504,0.013262599469496022,25.8315649867374,75.35000000000002,238
000069,955,951,0.9958115183246073,0.004188481675392671,23.705759162303664,52.0,282
000070,642,606,0.9439252336448598,0.056074766355140186,34.47663551401869,134.89999999999986,393
000071,956,953,0.9968619246861925,0.0031380753138075313,24.280334728033473,59.25,330
000072,1071,1070,0.9990662931839402,0.0009337068160597573,19.597572362278246,48.0,204
000073,721,698,0.9680998613037448,0.0319001386962552,30.601941747572816,89.0,265
000074,781,753,0.9641485275288092,0.03585147247119078,29.0089628681178,102.0,337
000075,707,687,0.9717114568599717,0.028288543140028287,30.41018387553041,94.39999999999986,338
000076,707,679,0.9603960396039604,0.039603960396039604,31.397454031117398,105.69999999999993,428
000077,674,649,0.9629080118694362,0.037091988130563795,31.201780415430267,102.70000000000005,264
000078,644,626,0.9720496894409938,0.027950310559006212,32.77639751552795,99.70000000000005,386
000079,832,823,0.9891826923076923,0.010817307692307692,25.412259615384617,61.0,231
000080,1076,1073,0.9972118959107806,0.0027881040892193307,19.83921933085502,50.0,183
000081,820,813,0.9914634146341463,0.00853658536585366,25.858536585365854,61.049999999999955,319
000082,937,931,0.9935965848452508,0.0064034151547491995,24.820704375667024,56.0,215
000083,1023,1009,0.9863147605083089,0.013685239491691105,22.596285434995114,63.89999999999998,301
000084,591,566,0.9576988155668359,0.04230118443316413,36.74111675126903,109.5,529
000085,818,799,0.9767726161369193,0.023227383863080684,27.765281173594133,85.14999999999998,281
000086,762,752,0.9868766404199475,0.013123359580052493,26.77952755905512,60.94999999999993,536
000087,1020,1020,1.0,0.0,22.225490196078432,50.0,114
000088,927,916,0.9881337648327939,0.011866235167206042,24.414239482200646,55.0,251
000089,483,453,0.937888198757764,0.062111801242236024,40.262939958592135,154.79999999999995,382
000090,738,707,0.9579945799457995,0.04200542005420054,29.40379403794038,106.0,504
000091,922,919,0.9967462039045553,0.0032537960954446853,21.327548806941433,46.0,202
000092,853,843,0.9882766705744431,0.011723329425556858,25.26611957796014,56.799999999999955,349
000093,698,691,0.9899713467048711,0.01002865329512894,29.169054441260744,83.29999999999995,338
000094,533,498,0.9343339587242027,0.06566604127579738,41.69606003752345,158.79999999999995,471
000095,761,755,0.9921156373193167,0.00788436268068331,25.18659658344284,66.0,223
000096,669,651,0.9730941704035875,0.026905829596412557,31.675635276532137,91.60000000000002,347
000097,984,984,1.0,0.0,22.728658536585368,46.0,126
000098,704,683,0.9701704545454546,0.029829545454545456,29.04403409090909,87.0,246
000099,740,735,0.9932432432432432,0.006756756756756757,18.95945945945946,56.0,231
000100,751,731,0.9733688415446072,0.02663115845539281,28.836218375499335,85.0,328
000101,949,948,0.9989462592202318,0.001053740779768177,20.443624868282402,45.0,150
000102,623,592,0.9502407704654896,0.04975922953451043,34.54414125200642,121.49999999999989,370
000103,639,602,0.9420970266040689,0.057902973395931145,34.48356807511737,134.5000000000001,399
000104,925,923,0.9978378378378379,0.002162162162162162,22.65297297297297,59.799999999999955,164
000105,1027,1024,0.997078870496592,0.0029211295034079843,20.061343719571568,47.0,220
000106,990,988,0.997979797979798,0.00202020202020202,22.555555555555557,57.549999999999955,154
000107,659,646,0.9802731411229135,0.019726858877086494,29.99544764795144,87.20000000000005,280
000108,824,808,0.9805825242718447,0.019417475728155338,26.063106796116504,69.0,230
000109,635,598,0.9417322834645669,0.05826771653543307,34.66771653543307,135.29999999999995,342
000110,782,770,0.9846547314578005,0.015345268542199489,25.953964194373402,58.0,229
000111,929,922,0.9924650161463939,0.007534983853606028,23.634015069967706,53.59999999999991,219
000112,842,829,0.9845605700712589,0.015439429928741092,24.852731591448933,58.0,425
000113,740,727,0.9824324324324324,0.01756756756756757,26.967567567567567,67.0,236
000114,810,800,0.9876543209876543,0.012345679012345678,24.271604938271604,62.549999999999955,291
000115,1079,1076,0.9972196478220574,0.0027803521779425394,21.79147358665431,51.09999999999991,175
000116,702,685,0.9757834757834758,0.024216524216524215,28.576923076923077,81.0,247
000117,833,814,0.9771908763505402,0.022809123649459785,23.667466986794718,62.0,301
000118,549,524,0.9544626593806922,0.04553734061930783,37.54644808743169,126.20000000000005,401
000119,801,784,0.978776529338327,0.02122347066167291,27.815230961298376,85.0,286
000120,854,842,0.9859484777517564,0.01405152224824356,25.32552693208431,74.0,230
000121,1021,1019,0.9980411361410382,0.0019588638589618022,21.252693437806073,46.0,163
000122,983,973,0.9898270600203459,0.01017293997965412,22.921668362156662,57.89999999999998,236
000123,925,920,0.9945945945945946,0.005405405405405406,22.54918918918919,62.0,158
000124,913,898,0.9835706462212487,0.01642935377875137,24.777656078860897,58.39999999999998,308
000125,914,909,0.9945295404814004,0.005470459518599562,19.260393873085338,42.34999999999991,186
000126,672,659,0.9806547619047619,0.019345238095238096,31.4375,98.44999999999993,435
000127,1001,1000,0.999000999000999,0.000999000999000999,22.288711288711287,49.0,218
000128,1021,1017,0.9960822722820764,0.0039177277179236044,21.11165523996082,53.0,193
000129,886,884,0.9977426636568849,0.002257336343115124,23.715575620767495,56.0,140
000130,621,583,0.9388083735909822,0.061191626409017714,35.36231884057971,135.0,372
000131,1033,1029,0.9961277831558567,0.003872216844143272,22.43756050338819,54.0,217
000132,638,620,0.9717868338557993,0.02821316614420063,33.07680250783699,94.14999999999998,324
000133,989,983,0.993933265925177,0.006066734074823054,23.437815975733063,53.59999999999991,245
000134,977,973,0.9959058341862845,0.0040941658137154556,23.358239508700102,53.0,205
000135,871,866,0.9942594718714122,0.0057405281285878304,24.360505166475317,59.5,194
000136,727,711,0.9779917469050894,0.02200825309491059,29.507565337001374,81.0,354
000137,928,916,0.9870689655172413,0.01293103448275862,24.20689655172414,64.0,180
000138,996,996,1.0,0.0,20.33835341365462,48.0,109
000139,923,920,0.9967497291440953,0.0032502708559046588,22.169014084507044,55.0,227
000140,648,633,0.9768518518518519,0.023148148148148147,32.85339506172839,95.64999999999998,315
000141,1063,1059,0.9962370649106302,0.0037629350893697085,19.71683913452493,56.0,182
000142,636,625,0.9827044025157232,0.01729559748427673,28.566037735849058,81.25,244
000143,851,850,0.9988249118683902,0.0011750881316098707,19.82256169212691,42.0,130
000144,768,762,0.9921875,0.0078125,27.54296875,71.29999999999995,214
000145,937,931,0.9935965848452508,0.0064034151547491995,22.218783351120596,52.0,211
000146,554,541,0.9765342960288809,0.023465703971119134,31.944043321299638,105.0,305
000147,674,655,0.9718100890207715,0.028189910979228485,33.08605341246291,91.35000000000002,344
000148,923,921,0.9978331527627302,0.0021668472372697724,22.08234019501625,46.0,170
000149,716,699,0.9762569832402235,0.023743016759776536,28.70391061452514,69.0,332
000150,1028,1024,0.9961089494163424,0.0038910505836575876,20.417315175097276,46.0,182
000151,962,957,0.9948024948024948,0.005197505197505198,23.07900207900208,48.0,189
000152,623,605,0.971107544141252,0.028892455858747994,31.260032102728733,95.89999999999998,285
000153,714,691,0.9677871148459384,0.03221288515406162,32.61904761904762,96.35000000000002,266
000154,1016,1012,0.9960629921259843,0.003937007874015748,22.436023622047244,47.0,179
000155,892,890,0.9977578475336323,0.002242152466367713,21.55829596412556,45.44999999999993,304
000156,616,583,0.9464285714285714,0.05357142857142857,35.58116883116883,139.5,305
000157,728,715,0.9821428571428571,0.017857142857142856,27.24313186813187,80.64999999999998,420
000158,933,932,0.9989281886387996,0.0010718113612004287,21.841371918542336,46.0,165
000159,749,741,0.9893190921228304,0.010680907877169559,28.343124165554073,71.60000000000002,299
000160,885,883,0.9977401129943503,0.0022598870056497176,21.293785310734464,50.0,145
000161,770,765,0.9935064935064936,0.006493506493506494,25.457142857142856,55.549999999999955,270
000162,1163,1161,0.998280309544282,0.0017196904557179708,21.99828030954428,49.0,195
000163,915,905,0.9890710382513661,0.01092896174863388,26.195628415300547,58.59999999999991,390
000164,1091,1087,0.9963336388634281,0.0036663611365719525,21.45371219065078,48.5,189
000165,816,800,0.9803921568627451,0.0196078431372549,25.63848039215686,63.25,410
000166,1057,1051,0.9943235572374646,0.005676442762535478,23.762535477767265,50.0,182
000167,877,876,0.9988597491448119,0.0011402508551881414,22.347776510832382,48.0,177
000168,1000,1000,1.0,0.0,19.827,46.0,108
000169,712,697,0.9789325842696629,0.021067415730337078,26.042134831460675,78.44999999999993,231
000170,617,597,0.9675850891410048,0.03241491085899514,33.811993517017825,99.59999999999945,363
000171,884,882,0.997737556561086,0.0022624434389140274,19.464932126696834,45.84999999999991,181
000172,753,748,0.9933598937583001,0.006640106241699867,27.243027888446214,76.0,184
000173,722,714,0.9889196675900277,0.0110803324099723,26.422437673130194,85.0,204
000174,723,698,0.9654218533886584,0.034578146611341634,30.868603042876902,92.69999999999993,323
000175,627,603,0.9617224880382775,0.03827751196172249,33.16905901116427,106.0,384
000176,654,632,0.9663608562691132,0.03363914373088685,33.23241590214067,96.0,291
000177,836,828,0.9904306220095693,0.009569377990430622,24.338516746411482,60.0,231
000178,739,726,0.9824086603518268,0.017591339648173207,26.205683355886332,78.10000000000002,277
000179,995,989,0.9939698492462311,0.006030150753768844,23.44422110552764,52.299999999999955,180
000180,901,893,0.9911209766925638,0.008879023307436182,24.659267480577135,58.0,273
000181,771,760,0.9857328145265889,0.014267185473411154,23.928664072632944,66.0,315
000182,697,682,0.9784791965566715,0.021520803443328552,27.700143472022955,82.0,438
000183,606,588,0.9702970297029703,0.0297029702970297,32.78712871287129,86.0,335
000184,857,846,0.9871645274212368,0.012835472578763127,25.33372228704784,61.0,247
000185,685,669,0.9766423357664233,0.02335766423357664,30.973722627737228,96.0,320
000186,817,808,0.988984088127295,0.011015911872705019,25.15299877600979,58.399999999999864,226
000187,837,833,0.995221027479092,0.0047789725209080045,23.60095579450418,57.19999999999993,205
000188,605,578,0.9553719008264463,0.04462809917355372,35.034710743801654,117.0,462
000189,786,762,0.9694656488549618,0.030534351145038167,29.74173027989822,99.75,341
000190,757,734,0.9696169088507266,0.03038309114927345,29.575957727873185,92.5999999999998,374
000191,799,788,0.986232790988736,0.01376720901126408,25.81602002503129,77.09999999999991,199
000192,706,694,0.9830028328611898,0.0169971671388102,29.35127478753541,85.0,388
000193,633,597,0.943127962085308,0.05687203791469194,34.92575039494471,133.79999999999995,402
000194,936,925,0.9882478632478633,0.011752136752136752,25.786324786324787,59.0,257
000195,845,844,0.9988165680473373,0.001183431952662722,22.114792899408283,48.0,184
000196,707,682,0.9646393210749646,0.03536067892503536,30.87977369165488,107.69999999999993,369
000197,810,802,0.9901234567901235,0.009876543209876543,26.05432098765432,73.54999999999995,283
000198,598,578,0.9665551839464883,0.033444816053511704,33.86789297658863,108.14999999999998,279
000199,643,609,0.9471228615863142,0.05287713841368585,34.40124416796267,129.89999999999998,408
