frame_id,layer_name,layer_type,indice_key,kernel_zyx,stride_zyx,padding_zyx,dilation_zyx,input_voxels,output_voxels,total_pairs,used_offsets,kernel_index,kz,ky,kx,dz,dy,dx,is_kernel_center,pair_count,pair_frequency,cumulative_frequency,rank,output_hit_rate,input_hit_rate
000216,conv_input.0,SubMConv3d,subm1,3x3x3,1x1x1,1x1x1,1x1x1,15118,15118,45130,27,0,0,0,0,-1,-1,-1,0,374,0.00828717,0.95958343,22,0.02473872,0.02473872
000216,conv_input.0,SubMConv3d,subm1,3x3x3,1x1x1,1x1x1,1x1x1,15118,15118,45130,27,1,0,0,1,-1,-1,0,0,418,0.00926213,0.94203412,20,0.02764916,0.02764916
000216,conv_input.0,SubMConv3d,subm1,3x3x3,1x1x1,1x1x1,1x1x1,15118,15118,45130,27,2,0,0,2,-1,-1,1,0,371,0.00822070,0.97609129,24,0.02454028,0.02454028
000216,conv_input.0,SubMConv3d,subm1,3x3x3,1x1x1,1x1x1,1x1x1,15118,15118,45130,27,3,0,1,0,-1,0,-1,0,446,0.00988256,0.90352316,16,0.02950126,0.02950126
000216,conv_input.0,SubMConv3d,subm1,3x3x3,1x1x1,1x1x1,1x1x1,15118,15118,45130,27,4,0,1,1,-1,0,0,0,555,0.01229781,0.83959672,10,0.03671121,0.03671121
000216,conv_input.0,SubMConv3d,subm1,3x3x3,1x1x1,1x1x1,1x1x1,15118,15118,45130,27,5,0,1,2,-1,0,1,0,484,0.01072457,0.86261910,12,0.03201482,0.03201482
000216,conv_input.0,SubMConv3d,subm1,3x3x3,1x1x1,1x1x1,1x1x1,15118,15118,45130,27,6,0,2,0,-1,1,-1,0,354,0.00784401,0.99215599,26,0.02341580,0.02341580
000216,conv_input.0,SubMConv3d,subm1,3x3x3,1x1x1,1x1x1,1x1x1,15118,15118,45130,27,7,0,2,1,-1,1,0,0,458,0.01014846,0.88349213,14,0.03029501,0.03029501
000216,conv_input.0,SubMConv3d,subm1,3x3x3,1x1x1,1x1x1,1x1x1,15118,15118,45130,27,8,0,2,2,-1,1,1,0,437,0.00968314,0.92308885,18,0.02890594,0.02890594
000216,conv_input.0,SubMConv3d,subm1,3x3x3,1x1x1,1x1x1,1x1x1,15118,15118,45130,27,9,1,0,0,0,-1,-1,0,2532,0.05610459,0.60726789,4,0.16748247,0.16748247
000216,conv_input.0,SubMConv3d,subm1,3x3x3,1x1x1,1x1x1,1x1x1,15118,15118,45130,27,10,1,0,1,0,-1,0,0,4878,0.10808775,0.44307556,2,0.32266173,0.32266173
000216,conv_input.0,SubMConv3d,subm1,3x3x3,1x1x1,1x1x1,1x1x1,15118,15118,45130,27,11,1,0,2,0,-1,1,0,1822,0.04037226,0.78692666,8,0.12051859,0.12051859
000216,conv_input.0,SubMConv3d,subm1,3x3x3,1x1x1,1x1x1,1x1x1,15118,15118,45130,27,12,1,1,0,0,0,-1,0,1877,0.04159096,0.70496344,6,0.12415663,0.12415663
000216,conv_input.0,SubMConv3d,subm1,3x3x3,1x1x1,1x1x1,1x1x1,15118,15118,45130,27,13,1,1,1,0,0,0,1,15118,0.33498781,0.33498781,1,1.00000000,1.00000000
000216,conv_input.0,SubMConv3d,subm1,3x3x3,1x1x1,1x1x1,1x1x1,15118,15118,45130,27,14,1,1,2,0,0,1,0,1877,0.04159096,0.74655440,7,0.12415663,0.12415663
000216,conv_input.0,SubMConv3d,subm1,3x3x3,1x1x1,1x1x1,1x1x1,15118,15118,45130,27,15,1,2,0,0,1,-1,0,1822,0.04037226,0.82729891,9,0.12051859,0.12051859
000216,conv_input.0,SubMConv3d,subm1,3x3x3,1x1x1,1x1x1,1x1x1,15118,15118,45130,27,16,1,2,1,0,1,0,0,4878,0.10808775,0.55116331,3,0.32266173,0.32266173
000216,conv_input.0,SubMConv3d,subm1,3x3x3,1x1x1,1x1x1,1x1x1,15118,15118,45130,27,17,1,2,2,0,1,1,0,2532,0.05610459,0.66337248,5,0.16748247,0.16748247
000216,conv_input.0,SubMConv3d,subm1,3x3x3,1x1x1,1x1x1,1x1x1,15118,15118,45130,27,18,2,0,0,1,-1,-1,0,437,0.00968314,0.93277199,19,0.02890594,0.02890594
000216,conv_input.0,SubMConv3d,subm1,3x3x3,1x1x1,1x1x1,1x1x1,15118,15118,45130,27,19,2,0,1,1,-1,0,0,458,0.01014846,0.89364059,15,0.03029501,0.03029501
000216,conv_input.0,SubMConv3d,subm1,3x3x3,1x1x1,1x1x1,1x1x1,15118,15118,45130,27,20,2,0,2,1,-1,1,0,354,0.00784401,1.00000000,27,0.02341580,0.02341580
000216,conv_input.0,SubMConv3d,subm1,3x3x3,1x1x1,1x1x1,1x1x1,15118,15118,45130,27,21,2,1,0,1,0,-1,0,484,0.01072457,0.87334367,13,0.03201482,0.03201482
000216,conv_input.0,SubMConv3d,subm1,3x3x3,1x1x1,1x1x1,1x1x1,15118,15118,45130,27,22,2,1,1,1,0,0,0,555,0.01229781,0.85189453,11,0.03671121,0.03671121
000216,conv_input.0,SubMConv3d,subm1,3x3x3,1x1x1,1x1x1,1x1x1,15118,15118,45130,27,23,2,1,2,1,0,1,0,446,0.00988256,0.91340572,17,0.02950126,0.02950126
000216,conv_input.0,SubMConv3d,subm1,3x3x3,1x1x1,1x1x1,1x1x1,15118,15118,45130,27,24,2,2,0,1,1,-1,0,371,0.00822070,0.98431199,25,0.02454028,0.02454028
000216,conv_input.0,SubMConv3d,subm1,3x3x3,1x1x1,1x1x1,1x1x1,15118,15118,45130,27,25,2,2,1,1,1,0,0,418,0.00926213,0.95129626,21,0.02764916,0.02764916
000216,conv_input.0,SubMConv3d,subm1,3x3x3,1x1x1,1x1x1,1x1x1,15118,15118,45130,27,26,2,2,2,1,1,1,0,374,0.00828717,0.96787060,23,0.02473872,0.02473872
000216,conv1.0.0,SubMConv3d,subm1,3x3x3,1x1x1,1x1x1,1x1x1,15118,15118,45130,27,0,0,0,0,-1,-1,-1,0,374,0.00828717,0.95958343,22,0.02473872,0.02473872
000216,conv1.0.0,SubMConv3d,subm1,3x3x3,1x1x1,1x1x1,1x1x1,15118,15118,45130,27,1,0,0,1,-1,-1,0,0,418,0.00926213,0.94203412,20,0.02764916,0.02764916
000216,conv1.0.0,SubMConv3d,subm1,3x3x3,1x1x1,1x1x1,1x1x1,15118,15118,45130,27,2,0,0,2,-1,-1,1,0,371,0.00822070,0.97609129,24,0.02454028,0.02454028
000216,conv1.0.0,SubMConv3d,subm1,3x3x3,1x1x1,1x1x1,1x1x1,15118,15118,45130,27,3,0,1,0,-1,0,-1,0,446,0.00988256,0.90352316,16,0.02950126,0.02950126
000216,conv1.0.0,SubMConv3d,subm1,3x3x3,1x1x1,1x1x1,1x1x1,15118,15118,45130,27,4,0,1,1,-1,0,0,0,555,0.01229781,0.83959672,10,0.03671121,0.03671121
000216,conv1.0.0,SubMConv3d,subm1,3x3x3,1x1x1,1x1x1,1x1x1,15118,15118,45130,27,5,0,1,2,-1,0,1,0,484,0.01072457,0.86261910,12,0.03201482,0.03201482
000216,conv1.0.0,SubMConv3d,subm1,3x3x3,1x1x1,1x1x1,1x1x1,15118,15118,45130,27,6,0,2,0,-1,1,-1,0,354,0.00784401,0.99215599,26,0.02341580,0.02341580
000216,conv1.0.0,SubMConv3d,subm1,3x3x3,1x1x1,1x1x1,1x1x1,15118,15118,45130,27,7,0,2,1,-1,1,0,0,458,0.01014846,0.88349213,14,0.03029501,0.03029501
000216,conv1.0.0,SubMConv3d,subm1,3x3x3,1x1x1,1x1x1,1x1x1,15118,15118,45130,27,8,0,2,2,-1,1,1,0,437,0.00968314,0.92308885,18,0.02890594,0.02890594
000216,conv1.0.0,SubMConv3d,subm1,3x3x3,1x1x1,1x1x1,1x1x1,15118,15118,45130,27,9,1,0,0,0,-1,-1,0,2532,0.05610459,0.60726789,4,0.16748247,0.16748247
000216,conv1.0.0,SubMConv3d,subm1,3x3x3,1x1x1,1x1x1,1x1x1,15118,15118,45130,27,10,1,0,1,0,-1,0,0,4878,0.10808775,0.44307556,2,0.32266173,0.32266173
000216,conv1.0.0,SubMConv3d,subm1,3x3x3,1x1x1,1x1x1,1x1x1,15118,15118,45130,27,11,1,0,2,0,-1,1,0,1822,0.04037226,0.78692666,8,0.12051859,0.12051859
000216,conv1.0.0,SubMConv3d,subm1,3x3x3,1x1x1,1x1x1,1x1x1,15118,15118,45130,27,12,1,1,0,0,0,-1,0,1877,0.04159096,0.70496344,6,0.12415663,0.12415663
000216,conv1.0.0,SubMConv3d,subm1,3x3x3,1x1x1,1x1x1,1x1x1,15118,15118,45130,27,13,1,1,1,0,0,0,1,15118,0.33498781,0.33498781,1,1.00000000,1.00000000
000216,conv1.0.0,SubMConv3d,subm1,3x3x3,1x1x1,1x1x1,1x1x1,15118,15118,45130,27,14,1,1,2,0,0,1,0,1877,0.04159096,0.74655440,7,0.12415663,0.12415663
000216,conv1.0.0,SubMConv3d,subm1,3x3x3,1x1x1,1x1x1,1x1x1,15118,15118,45130,27,15,1,2,0,0,1,-1,0,1822,0.04037226,0.82729891,9,0.12051859,0.12051859
000216,conv1.0.0,SubMConv3d,subm1,3x3x3,1x1x1,1x1x1,1x1x1,15118,15118,45130,27,16,1,2,1,0,1,0,0,4878,0.10808775,0.55116331,3,0.32266173,0.32266173
000216,conv1.0.0,SubMConv3d,subm1,3x3x3,1x1x1,1x1x1,1x1x1,15118,15118,45130,27,17,1,2,2,0,1,1,0,2532,0.05610459,0.66337248,5,0.16748247,0.16748247
000216,conv1.0.0,SubMConv3d,subm1,3x3x3,1x1x1,1x1x1,1x1x1,15118,15118,45130,27,18,2,0,0,1,-1,-1,0,437,0.00968314,0.93277199,19,0.02890594,0.02890594
000216,conv1.0.0,SubMConv3d,subm1,3x3x3,1x1x1,1x1x1,1x1x1,15118,15118,45130,27,19,2,0,1,1,-1,0,0,458,0.01014846,0.89364059,15,0.03029501,0.03029501
000216,conv1.0.0,SubMConv3d,subm1,3x3x3,1x1x1,1x1x1,1x1x1,15118,15118,45130,27,20,2,0,2,1,-1,1,0,354,0.00784401,1.00000000,27,0.02341580,0.02341580
000216,conv1.0.0,SubMConv3d,subm1,3x3x3,1x1x1,1x1x1,1x1x1,15118,15118,45130,27,21,2,1,0,1,0,-1,0,484,0.01072457,0.87334367,13,0.03201482,0.03201482
000216,conv1.0.0,SubMConv3d,subm1,3x3x3,1x1x1,1x1x1,1x1x1,15118,15118,45130,27,22,2,1,1,1,0,0,0,555,0.01229781,0.85189453,11,0.03671121,0.03671121
000216,conv1.0.0,SubMConv3d,subm1,3x3x3,1x1x1,1x1x1,1x1x1,15118,15118,45130,27,23,2,1,2,1,0,1,0,446,0.00988256,0.91340572,17,0.02950126,0.02950126
000216,conv1.0.0,SubMConv3d,subm1,3x3x3,1x1x1,1x1x1,1x1x1,15118,15118,45130,27,24,2,2,0,1,1,-1,0,371,0.00822070,0.98431199,25,0.02454028,0.02454028
000216,conv1.0.0,SubMConv3d,subm1,3x3x3,1x1x1,1x1x1,1x1x1,15118,15118,45130,27,25,2,2,1,1,1,0,0,418,0.00926213,0.95129626,21,0.02764916,0.02764916
000216,conv1.0.0,SubMConv3d,subm1,3x3x3,1x1x1,1x1x1,1x1x1,15118,15118,45130,27,26,2,2,2,1,1,1,0,374,0.00828717,0.96787060,23,0.02473872,0.02473872
000216,conv2.0.0,SparseConv3d,spconv2,3x3x3,2x2x2,1x1x1,1x1x1,15118,25846,45541,27,0,0,0,0,-1,-1,-1,0,1320,0.02898487,0.52047605,10,0.05107173,0.08731314
000216,conv2.0.0,SparseConv3d,spconv2,3x3x3,2x2x2,1x1x1,1x1x1,15118,25846,45541,27,1,0,0,1,-1,-1,0,0,1268,0.02784304,0.75121319,18,0.04905982,0.08387353
000216,conv2.0.0,SparseConv3d,spconv2,3x3x3,2x2x2,1x1x1,1x1x1,15118,25846,45541,27,2,0,0,2,-1,-1,1,0,1320,0.02898487,0.54946093,11,0.05107173,0.08731314
000216,conv2.0.0,SparseConv3d,spconv2,3x3x3,2x2x2,1x1x1,1x1x1,15118,25846,45541,27,3,0,1,0,-1,0,-1,0,1254,0.02753563,0.91739312,24,0.04851815,0.08294748
000216,conv2.0.0,SparseConv3d,spconv2,3x3x3,2x2x2,1x1x1,1x1x1,15118,25846,45541,27,4,0,1,1,-1,0,0,0,1255,0.02755759,0.86229991,22,0.04855684,0.08301363
000216,conv2.0.0,SparseConv3d,spconv2,3x3x3,2x2x2,1x1x1,1x1x1,15118,25846,45541,27,5,0,1,2,-1,0,1,0,1254,0.02753563,0.94492875,25,0.04851815,0.08294748
000216,conv2.0.0,SparseConv3d,spconv2,3x3x3,2x2x2,1x1x1,1x1x1,15118,25846,45541,27,6,0,2,0,-1,1,-1,0,1320,0.02898487,0.57844580,12,0.05107173,0.08731314
000216,conv2.0.0,SparseConv3d,spconv2,3x3x3,2x2x2,1x1x1,1x1x1,15118,25846,45541,27,7,0,2,1,-1,1,0,0,1268,0.02784304,0.77905624,19,0.04905982,0.08387353
000216,conv2.0.0,SparseConv3d,spconv2,3x3x3,2x2x2,1x1x1,1x1x1,15118,25846,45541,27,8,0,2,2,-1,1,1,0,1320,0.02898487,0.60743067,13,0.05107173,0.08731314
000216,conv2.0.0,SparseConv3d,spconv2,3x3x3,2x2x2,1x1x1,1x1x1,15118,25846,45541,27,9,1,0,0,0,-1,-1,0,2470,0.05423684,0.32926374,6,0.09556605,0.16338140
000216,conv2.0.0,SparseConv3d,spconv2,3x3x3,2x2x2,1x1x1,1x1x1,15118,25846,45541,27,10,1,0,1,0,-1,0,0,2492,0.05471992,0.11178938,2,0.09641724,0.16483662
000216,conv2.0.0,SparseConv3d,spconv2,3x3x3,2x2x2,1x1x1,1x1x1,15118,25846,45541,27,11,1,0,2,0,-1,1,0,2471,0.05425880,0.22076810,4,0.09560474,0.16344755
000216,conv2.0.0,SparseConv3d,spconv2,3x3x3,2x2x2,1x1x1,1x1x1,15118,25846,45541,27,12,1,1,0,0,0,-1,0,2459,0.05399530,0.43749588,8,0.09514045,0.16265379
000216,conv2.0.0,SparseConv3d,spconv2,3x3x3,2x2x2,1x1x1,1x1x1,15118,25846,45541,27,13,1,1,1,0,0,0,1,2599,0.05706945,0.05706945,1,0.10055715,0.17191427
000216,conv2.0.0,SparseConv3d,spconv2,3x3x3,2x2x2,1x1x1,1x1x1,15118,25846,45541,27,14,1,1,2,0,0,1,0,2459,0.05399530,0.49149118,9,0.09514045,0.16265379
000216,conv2.0.0,SparseConv3d,spconv2,3x3x3,2x2x2,1x1x1,1x1x1,15118,25846,45541,27,15,1,2,0,0,1,-1,0,2470,0.05423684,0.38350058,7,0.09556605,0.16338140
000216,conv2.0.0,SparseConv3d,spconv2,3x3x3,2x2x2,1x1x1,1x1x1,15118,25846,45541,27,16,1,2,1,0,1,0,0,2492,0.05471992,0.16650930,3,0.09641724,0.16483662
000216,conv2.0.0,SparseConv3d,spconv2,3x3x3,2x2x2,1x1x1,1x1x1,15118,25846,45541,27,17,1,2,2,0,1,1,0,2471,0.05425880,0.27502690,5,0.09560474,0.16344755
000216,conv2.0.0,SparseConv3d,spconv2,3x3x3,2x2x2,1x1x1,1x1x1,15118,25846,45541,27,18,2,0,0,1,-1,-1,0,1320,0.02898487,0.63641554,14,0.05107173,0.08731314
000216,conv2.0.0,SparseConv3d,spconv2,3x3x3,2x2x2,1x1x1,1x1x1,15118,25846,45541,27,19,2,0,1,1,-1,0,0,1268,0.02784304,0.80689928,20,0.04905982,0.08387353
000216,conv2.0.0,SparseConv3d,spconv2,3x3x3,2x2x2,1x1x1,1x1x1,15118,25846,45541,27,20,2,0,2,1,-1,1,0,1320,0.02898487,0.66540041,15,0.05107173,0.08731314
000216,conv2.0.0,SparseConv3d,spconv2,3x3x3,2x2x2,1x1x1,1x1x1,15118,25846,45541,27,21,2,1,0,1,0,-1,0,1254,0.02753563,0.97246437,26,0.04851815,0.08294748
000216,conv2.0.0,SparseConv3d,spconv2,3x3x3,2x2x2,1x1x1,1x1x1,15118,25846,45541,27,22,2,1,1,1,0,0,0,1255,0.02755759,0.88985749,23,0.04855684,0.08301363
000216,conv2.0.0,SparseConv3d,spconv2,3x3x3,2x2x2,1x1x1,1x1x1,15118,25846,45541,27,23,2,1,2,1,0,1,0,1254,0.02753563,1.00000000,27,0.04851815,0.08294748
000216,conv2.0.0,SparseConv3d,spconv2,3x3x3,2x2x2,1x1x1,1x1x1,15118,25846,45541,27,24,2,2,0,1,1,-1,0,1320,0.02898487,0.69438528,16,0.05107173,0.08731314
000216,conv2.0.0,SparseConv3d,spconv2,3x3x3,2x2x2,1x1x1,1x1x1,15118,25846,45541,27,25,2,2,1,1,1,0,0,1268,0.02784304,0.83474232,21,0.04905982,0.08387353
000216,conv2.0.0,SparseConv3d,spconv2,3x3x3,2x2x2,1x1x1,1x1x1,15118,25846,45541,27,26,2,2,2,1,1,1,0,1320,0.02898487,0.72337015,17,0.05107173,0.08731314
000216,conv2.1.0,SubMConv3d,subm2,3x3x3,1x1x1,1x1x1,1x1x1,25846,25846,235200,27,0,0,0,0,-1,-1,-1,0,5164,0.02195578,0.85592687,20,0.19979881,0.19979881
000216,conv2.1.0,SubMConv3d,subm2,3x3x3,1x1x1,1x1x1,1x1x1,25846,25846,235200,27,1,0,0,1,-1,-1,0,0,6130,0.02606293,0.80790816,18,0.23717403,0.23717403
000216,conv2.1.0,SubMConv3d,subm2,3x3x3,1x1x1,1x1x1,1x1x1,25846,25846,235200,27,2,0,0,2,-1,-1,1,0,4545,0.01932398,0.98067602,26,0.17584926,0.17584926
000216,conv2.1.0,SubMConv3d,subm2,3x3x3,1x1x1,1x1x1,1x1x1,25846,25846,235200,27,3,0,1,0,-1,0,-1,0,6368,0.02707483,0.64881803,12,0.24638242,0.24638242
000216,conv2.1.0,SubMConv3d,subm2,3x3x3,1x1x1,1x1x1,1x1x1,25846,25846,235200,27,4,0,1,1,-1,0,0,0,9592,0.04078231,0.58096088,10,0.37112126,0.37112126
000216,conv2.1.0,SubMConv3d,subm2,3x3x3,1x1x1,1x1x1,1x1x1,25846,25846,235200,27,5,0,1,2,-1,0,1,0,6289,0.02673895,0.70263180,14,0.24332585,0.24332585
000216,conv2.1.0,SubMConv3d,subm2,3x3x3,1x1x1,1x1x1,1x1x1,25846,25846,235200,27,6,0,2,0,-1,1,-1,0,4692,0.01994898,0.94140306,24,0.18153679,0.18153679
000216,conv2.1.0,SubMConv3d,subm2,3x3x3,1x1x1,1x1x1,1x1x1,25846,25846,235200,27,7,0,2,1,-1,1,0,0,6171,0.02623724,0.75560799,16,0.23876035,0.23876035
000216,conv2.1.0,SubMConv3d,subm2,3x3x3,1x1x1,1x1x1,1x1x1,25846,25846,235200,27,8,0,2,2,-1,1,1,0,5124,0.02178571,0.89966837,22,0.19825118,0.19825118
000216,conv2.1.0,SubMConv3d,subm2,3x3x3,1x1x1,1x1x1,1x1x1,25846,25846,235200,27,9,1,0,0,0,-1,-1,0,11125,0.04730017,0.40739371,6,0.43043411,0.43043411
000216,conv2.1.0,SubMConv3d,subm2,3x3x3,1x1x1,1x1x1,1x1x1,25846,25846,235200,27,10,1,0,1,0,-1,0,0,15598,0.06631803,0.17620748,2,0.60349764,0.60349764
000216,conv2.1.0,SubMConv3d,subm2,3x3x3,1x1x1,1x1x1,1x1x1,25846,25846,235200,27,11,1,0,2,0,-1,1,0,10053,0.04274235,0.49743622,8,0.38895767,0.38895767
000216,conv2.1.0,SubMConv3d,subm2,3x3x3,1x1x1,1x1x1,1x1x1,25846,25846,235200,27,12,1,1,0,0,0,-1,0,13826,0.05878401,0.30130952,4,0.53493771,0.53493771
000216,conv2.1.0,SubMConv3d,subm2,3x3x3,1x1x1,1x1x1,1x1x1,25846,25846,235200,27,13,1,1,1,0,0,0,1,25846,0.10988946,0.10988946,1,1.00000000,1.00000000
000216,conv2.1.0,SubMConv3d,subm2,3x3x3,1x1x1,1x1x1,1x1x1,25846,25846,235200,27,14,1,1,2,0,0,1,0,13826,0.05878401,0.36009354,5,0.53493771,0.53493771
000216,conv2.1.0,SubMConv3d,subm2,3x3x3,1x1x1,1x1x1,1x1x1,25846,25846,235200,27,15,1,2,0,0,1,-1,0,10053,0.04274235,0.54017857,9,0.38895767,0.38895767
000216,conv2.1.0,SubMConv3d,subm2,3x3x3,1x1x1,1x1x1,1x1x1,25846,25846,235200,27,16,1,2,1,0,1,0,0,15598,0.06631803,0.24252551,3,0.60349764,0.60349764
000216,conv2.1.0,SubMConv3d,subm2,3x3x3,1x1x1,1x1x1,1x1x1,25846,25846,235200,27,17,1,2,2,0,1,1,0,11125,0.04730017,0.45469388,7,0.43043411,0.43043411
000216,conv2.1.0,SubMConv3d,subm2,3x3x3,1x1x1,1x1x1,1x1x1,25846,25846,235200,27,18,2,0,0,1,-1,-1,0,5124,0.02178571,0.92145408,23,0.19825118,0.19825118
000216,conv2.1.0,SubMConv3d,subm2,3x3x3,1x1x1,1x1x1,1x1x1,25846,25846,235200,27,19,2,0,1,1,-1,0,0,6171,0.02623724,0.78184524,17,0.23876035,0.23876035
000216,conv2.1.0,SubMConv3d,subm2,3x3x3,1x1x1,1x1x1,1x1x1,25846,25846,235200,27,20,2,0,2,1,-1,1,0,4692,0.01994898,0.96135204,25,0.18153679,0.18153679
000216,conv2.1.0,SubMConv3d,subm2,3x3x3,1x1x1,1x1x1,1x1x1,25846,25846,235200,27,21,2,1,0,1,0,-1,0,6289,0.02673895,0.72937075,15,0.24332585,0.24332585
000216,conv2.1.0,SubMConv3d,subm2,3x3x3,1x1x1,1x1x1,1x1x1,25846,25846,235200,27,22,2,1,1,1,0,0,0,9592,0.04078231,0.62174320,11,0.37112126,0.37112126
000216,conv2.1.0,SubMConv3d,subm2,3x3x3,1x1x1,1x1x1,1x1x1,25846,25846,235200,27,23,2,1,2,1,0,1,0,6368,0.02707483,0.67589286,13,0.24638242,0.24638242
000216,conv2.1.0,SubMConv3d,subm2,3x3x3,1x1x1,1x1x1,1x1x1,25846,25846,235200,27,24,2,2,0,1,1,-1,0,4545,0.01932398,1.00000000,27,0.17584926,0.17584926
000216,conv2.1.0,SubMConv3d,subm2,3x3x3,1x1x1,1x1x1,1x1x1,25846,25846,235200,27,25,2,2,1,1,1,0,0,6130,0.02606293,0.83397109,19,0.23717403,0.23717403
000216,conv2.1.0,SubMConv3d,subm2,3x3x3,1x1x1,1x1x1,1x1x1,25846,25846,235200,27,26,2,2,2,1,1,1,0,5164,0.02195578,0.87788265,21,0.19979881,0.19979881
000216,conv2.2.0,SubMConv3d,subm2,3x3x3,1x1x1,1x1x1,1x1x1,25846,25846,235200,27,0,0,0,0,-1,-1,-1,0,5164,0.02195578,0.85592687,20,0.19979881,0.19979881
000216,conv2.2.0,SubMConv3d,subm2,3x3x3,1x1x1,1x1x1,1x1x1,25846,25846,235200,27,1,0,0,1,-1,-1,0,0,6130,0.02606293,0.80790816,18,0.23717403,0.23717403
000216,conv2.2.0,SubMConv3d,subm2,3x3x3,1x1x1,1x1x1,1x1x1,25846,25846,235200,27,2,0,0,2,-1,-1,1,0,4545,0.01932398,0.98067602,26,0.17584926,0.17584926
000216,conv2.2.0,SubMConv3d,subm2,3x3x3,1x1x1,1x1x1,1x1x1,25846,25846,235200,27,3,0,1,0,-1,0,-1,0,6368,0.02707483,0.64881803,12,0.24638242,0.24638242
000216,conv2.2.0,SubMConv3d,subm2,3x3x3,1x1x1,1x1x1,1x1x1,25846,25846,235200,27,4,0,1,1,-1,0,0,0,9592,0.04078231,0.58096088,10,0.37112126,0.37112126
000216,conv2.2.0,SubMConv3d,subm2,3x3x3,1x1x1,1x1x1,1x1x1,25846,25846,235200,27,5,0,1,2,-1,0,1,0,6289,0.02673895,0.70263180,14,0.24332585,0.24332585
000216,conv2.2.0,SubMConv3d,subm2,3x3x3,1x1x1,1x1x1,1x1x1,25846,25846,235200,27,6,0,2,0,-1,1,-1,0,4692,0.01994898,0.94140306,24,0.18153679,0.18153679
000216,conv2.2.0,SubMConv3d,subm2,3x3x3,1x1x1,1x1x1,1x1x1,25846,25846,235200,27,7,0,2,1,-1,1,0,0,6171,0.02623724,0.75560799,16,0.23876035,0.23876035
000216,conv2.2.0,SubMConv3d,subm2,3x3x3,1x1x1,1x1x1,1x1x1,25846,25846,235200,27,8,0,2,2,-1,1,1,0,5124,0.02178571,0.89966837,22,0.19825118,0.19825118
000216,conv2.2.0,SubMConv3d,subm2,3x3x3,1x1x1,1x1x1,1x1x1,25846,25846,235200,27,9,1,0,0,0,-1,-1,0,11125,0.04730017,0.40739371,6,0.43043411,0.43043411
000216,conv2.2.0,SubMConv3d,subm2,3x3x3,1x1x1,1x1x1,1x1x1,25846,25846,235200,27,10,1,0,1,0,-1,0,0,15598,0.06631803,0.17620748,2,0.60349764,0.60349764
000216,conv2.2.0,SubMConv3d,subm2,3x3x3,1x1x1,1x1x1,1x1x1,25846,25846,235200,27,11,1,0,2,0,-1,1,0,10053,0.04274235,0.49743622,8,0.38895767,0.38895767
000216,conv2.2.0,SubMConv3d,subm2,3x3x3,1x1x1,1x1x1,1x1x1,25846,25846,235200,27,12,1,1,0,0,0,-1,0,13826,0.05878401,0.30130952,4,0.53493771,0.53493771
000216,conv2.2.0,SubMConv3d,subm2,3x3x3,1x1x1,1x1x1,1x1x1,25846,25846,235200,27,13,1,1,1,0,0,0,1,25846,0.10988946,0.10988946,1,1.00000000,1.00000000
000216,conv2.2.0,SubMConv3d,subm2,3x3x3,1x1x1,1x1x1,1x1x1,25846,25846,235200,27,14,1,1,2,0,0,1,0,13826,0.05878401,0.36009354,5,0.53493771,0.53493771
000216,conv2.2.0,SubMConv3d,subm2,3x3x3,1x1x1,1x1x1,1x1x1,25846,25846,235200,27,15,1,2,0,0,1,-1,0,10053,0.04274235,0.54017857,9,0.38895767,0.38895767
000216,conv2.2.0,SubMConv3d,subm2,3x3x3,1x1x1,1x1x1,1x1x1,25846,25846,235200,27,16,1,2,1,0,1,0,0,15598,0.06631803,0.24252551,3,0.60349764,0.60349764
000216,conv2.2.0,SubMConv3d,subm2,3x3x3,1x1x1,1x1x1,1x1x1,25846,25846,235200,27,17,1,2,2,0,1,1,0,11125,0.04730017,0.45469388,7,0.43043411,0.43043411
000216,conv2.2.0,SubMConv3d,subm2,3x3x3,1x1x1,1x1x1,1x1x1,25846,25846,235200,27,18,2,0,0,1,-1,-1,0,5124,0.02178571,0.92145408,23,0.19825118,0.19825118
000216,conv2.2.0,SubMConv3d,subm2,3x3x3,1x1x1,1x1x1,1x1x1,25846,25846,235200,27,19,2,0,1,1,-1,0,0,6171,0.02623724,0.78184524,17,0.23876035,0.23876035
000216,conv2.2.0,SubMConv3d,subm2,3x3x3,1x1x1,1x1x1,1x1x1,25846,25846,235200,27,20,2,0,2,1,-1,1,0,4692,0.01994898,0.96135204,25,0.18153679,0.18153679
000216,conv2.2.0,SubMConv3d,subm2,3x3x3,1x1x1,1x1x1,1x1x1,25846,25846,235200,27,21,2,1,0,1,0,-1,0,6289,0.02673895,0.72937075,15,0.24332585,0.24332585
000216,conv2.2.0,SubMConv3d,subm2,3x3x3,1x1x1,1x1x1,1x1x1,25846,25846,235200,27,22,2,1,1,1,0,0,0,9592,0.04078231,0.62174320,11,0.37112126,0.37112126
000216,conv2.2.0,SubMConv3d,subm2,3x3x3,1x1x1,1x1x1,1x1x1,25846,25846,235200,27,23,2,1,2,1,0,1,0,6368,0.02707483,0.67589286,13,0.24638242,0.24638242
000216,conv2.2.0,SubMConv3d,subm2,3x3x3,1x1x1,1x1x1,1x1x1,25846,25846,235200,27,24,2,2,0,1,1,-1,0,4545,0.01932398,1.00000000,27,0.17584926,0.17584926
000216,conv2.2.0,SubMConv3d,subm2,3x3x3,1x1x1,1x1x1,1x1x1,25846,25846,235200,27,25,2,2,1,1,1,0,0,6130,0.02606293,0.83397109,19,0.23717403,0.23717403
000216,conv2.2.0,SubMConv3d,subm2,3x3x3,1x1x1,1x1x1,1x1x1,25846,25846,235200,27,26,2,2,2,1,1,1,0,5164,0.02195578,0.87788265,21,0.19979881,0.19979881
000216,conv3.0.0,SparseConv3d,spconv3,3x3x3,2x2x2,1x1x1,1x1x1,25846,19116,86103,27,0,0,0,0,-1,-1,-1,0,3081,0.03578273,0.89265182,24,0.16117389,0.11920607
000216,conv3.0.0,SparseConv3d,spconv3,3x3x3,2x2x2,1x1x1,1x1x1,25846,19116,86103,27,1,0,0,1,-1,-1,0,0,3132,0.03637504,0.45950780,12,0.16384181,0.12117929
000216,conv3.0.0,SparseConv3d,spconv3,3x3x3,2x2x2,1x1x1,1x1x1,25846,19116,86103,27,2,0,0,2,-1,-1,1,0,3084,0.03581757,0.74941640,20,0.16133082,0.11932214
000216,conv3.0.0,SparseConv3d,spconv3,3x3x3,2x2x2,1x1x1,1x1x1,25846,19116,86103,27,3,0,1,0,-1,0,-1,0,3132,0.03637504,0.49588284,13,0.16384181,0.12117929
000216,conv3.0.0,SparseConv3d,spconv3,3x3x3,2x2x2,1x1x1,1x1x1,25846,19116,86103,27,4,0,1,1,-1,0,0,0,3109,0.03610792,0.67749091,18,0.16263863,0.12028941
000216,conv3.0.0,SparseConv3d,spconv3,3x3x3,2x2x2,1x1x1,1x1x1,25846,19116,86103,27,5,0,1,2,-1,0,1,0,3133,0.03638665,0.38674611,10,0.16389412,0.12121798
000216,conv3.0.0,SparseConv3d,spconv3,3x3x3,2x2x2,1x1x1,1x1x1,25846,19116,86103,27,6,0,2,0,-1,1,-1,0,3081,0.03578273,0.92843455,25,0.16117389,0.11920607
000216,conv3.0.0,SparseConv3d,spconv3,3x3x3,2x2x2,1x1x1,1x1x1,25846,19116,86103,27,7,0,2,1,-1,1,0,0,3132,0.03637504,0.53225788,14,0.16384181,0.12117929
000216,conv3.0.0,SparseConv3d,spconv3,3x3x3,2x2x2,1x1x1,1x1x1,25846,19116,86103,27,8,0,2,2,-1,1,1,0,3084,0.03581757,0.78523396,21,0.16133082,0.11932214
000216,conv3.0.0,SparseConv3d,spconv3,3x3x3,2x2x2,1x1x1,1x1x1,25846,19116,86103,27,9,1,0,0,0,-1,-1,0,3365,0.03908110,0.11763818,3,0.17603055,0.13019423
000216,conv3.0.0,SparseConv3d,spconv3,3x3x3,2x2x2,1x1x1,1x1x1,25846,19116,86103,27,10,1,0,1,0,-1,0,0,3302,0.03834942,0.31201003,8,0.17273488,0.12775671
000216,conv3.0.0,SparseConv3d,spconv3,3x3x3,2x2x2,1x1x1,1x1x1,25846,19116,86103,27,11,1,0,2,0,-1,1,0,3365,0.03908110,0.15671928,4,0.17603055,0.13019423
000216,conv3.0.0,SparseConv3d,spconv3,3x3x3,2x2x2,1x1x1,1x1x1,25846,19116,86103,27,12,1,1,0,0,0,-1,0,3382,0.03927854,0.03927854,1,0.17691986,0.13085197
000216,conv3.0.0,SparseConv3d,spconv3,3x3x3,2x2x2,1x1x1,1x1x1,25846,19116,86103,27,13,1,1,1,0,0,0,1,3339,0.03877914,0.27366062,7,0.17467043,0.12918827
000216,conv3.0.0,SparseConv3d,spconv3,3x3x3,2x2x2,1x1x1,1x1x1,25846,19116,86103,27,14,1,1,2,0,0,1,0,3382,0.03927854,0.07855708,2,0.17691986,0.13085197
000216,conv3.0.0,SparseConv3d,spconv3,3x3x3,2x2x2,1x1x1,1x1x1,25846,19116,86103,27,15,1,2,0,0,1,-1,0,3365,0.03908110,0.19580038,5,0.17603055,0.13019423
000216,conv3.0.0,SparseConv3d,spconv3,3x3x3,2x2x2,1x1x1,1x1x1,25846,19116,86103,27,16,1,2,1,0,1,0,0,3302,0.03834942,0.35035945,9,0.17273488,0.12775671
000216,conv3.0.0,SparseConv3d,spconv3,3x3x3,2x2x2,1x1x1,1x1x1,25846,19116,86103,27,17,1,2,2,0,1,1,0,3365,0.03908110,0.23488148,6,0.17603055,0.13019423
000216,conv3.0.0,SparseConv3d,spconv3,3x3x3,2x2x2,1x1x1,1x1x1,25846,19116,86103,27,18,2,0,0,1,-1,-1,0,3081,0.03578273,0.96421727,26,0.16117389,0.11920607
000216,conv3.0.0,SparseConv3d,spconv3,3x3x3,2x2x2,1x1x1,1x1x1,25846,19116,86103,27,19,2,0,1,1,-1,0,0,3132,0.03637504,0.56863292,15,0.16384181,0.12117929
000216,conv3.0.0,SparseConv3d,spconv3,3x3x3,2x2x2,1x1x1,1x1x1,25846,19116,86103,27,20,2,0,2,1,-1,1,0,3084,0.03581757,0.82105153,22,0.16133082,0.11932214
000216,conv3.0.0,SparseConv3d,spconv3,3x3x3,2x2x2,1x1x1,1x1x1,25846,19116,86103,27,21,2,1,0,1,0,-1,0,3132,0.03637504,0.60500796,16,0.16384181,0.12117929
000216,conv3.0.0,SparseConv3d,spconv3,3x3x3,2x2x2,1x1x1,1x1x1,25846,19116,86103,27,22,2,1,1,1,0,0,0,3109,0.03610792,0.71359883,19,0.16263863,0.12028941
000216,conv3.0.0,SparseConv3d,spconv3,3x3x3,2x2x2,1x1x1,1x1x1,25846,19116,86103,27,23,2,1,2,1,0,1,0,3133,0.03638665,0.42313276,11,0.16389412,0.12121798
000216,conv3.0.0,SparseConv3d,spconv3,3x3x3,2x2x2,1x1x1,1x1x1,25846,19116,86103,27,24,2,2,0,1,1,-1,0,3081,0.03578273,1.00000000,27,0.16117389,0.11920607
000216,conv3.0.0,SparseConv3d,spconv3,3x3x3,2x2x2,1x1x1,1x1x1,25846,19116,86103,27,25,2,2,1,1,1,0,0,3132,0.03637504,0.64138299,17,0.16384181,0.12117929
000216,conv3.0.0,SparseConv3d,spconv3,3x3x3,2x2x2,1x1x1,1x1x1,25846,19116,86103,27,26,2,2,2,1,1,1,0,3084,0.03581757,0.85686910,23,0.16133082,0.11932214
000216,conv3.1.0,SubMConv3d,subm3,3x3x3,1x1x1,1x1x1,1x1x1,19116,19116,250682,27,0,0,0,0,-1,-1,-1,0,6606,0.02635211,0.87555548,22,0.34557439,0.34557439
000216,conv3.1.0,SubMConv3d,subm3,3x3x3,1x1x1,1x1x1,1x1x1,19116,19116,250682,27,1,0,0,1,-1,-1,0,0,7181,0.02864585,0.76657678,18,0.37565390,0.37565390
000216,conv3.1.0,SubMConv3d,subm3,3x3x3,1x1x1,1x1x1,1x1x1,19116,19116,250682,27,2,0,0,2,-1,-1,1,0,5956,0.02375918,0.97624082,26,0.31157146,0.31157146
000216,conv3.1.0,SubMConv3d,subm3,3x3x3,1x1x1,1x1x1,1x1x1,19116,19116,250682,27,3,0,1,0,-1,0,-1,0,7918,0.03158583,0.58457328,12,0.41420799,0.41420799
000216,conv3.1.0,SubMConv3d,subm3,3x3x3,1x1x1,1x1x1,1x1x1,19116,19116,250682,27,4,0,1,1,-1,0,0,0,9863,0.03934467,0.51364278,10,0.51595522,0.51595522
000216,conv3.1.0,SubMConv3d,subm3,3x3x3,1x1x1,1x1x1,1x1x1,19116,19116,250682,27,5,0,1,2,-1,0,1,0,7813,0.03116698,0.64732609,14,0.40871521,0.40871521
000216,conv3.1.0,SubMConv3d,subm3,3x3x3,1x1x1,1x1x1,1x1x1,19116,19116,250682,27,6,0,2,0,-1,1,-1,0,6339,0.02528702,0.92719461,24,0.33160703,0.33160703
000216,conv3.1.0,SubMConv3d,subm3,3x3x3,1x1x1,1x1x1,1x1x1,19116,19116,250682,27,7,0,2,1,-1,1,0,0,7450,0.02971893,0.70821200,16,0.38972588,0.38972588
000216,conv3.1.0,SubMConv3d,subm3,3x3x3,1x1x1,1x1x1,1x1x1,19116,19116,250682,27,8,0,2,2,-1,1,1,0,6766,0.02699037,0.82221300,20,0.35394434,0.35394434
000216,conv3.1.0,SubMConv3d,subm3,3x3x3,1x1x1,1x1x1,1x1x1,19116,19116,250682,27,9,1,0,0,0,-1,-1,0,11635,0.04641338,0.34160011,6,0.60865244,0.60865244
000216,conv3.1.0,SubMConv3d,subm3,3x3x3,1x1x1,1x1x1,1x1x1,19116,19116,250682,27,10,1,0,1,0,-1,0,0,13594,0.05422807,0.24095866,4,0.71113204,0.71113204
000216,conv3.1.0,SubMConv3d,subm3,3x3x3,1x1x1,1x1x1,1x1x1,19116,19116,250682,27,11,1,0,2,0,-1,1,0,10815,0.04314231,0.43115581,8,0.56575643,0.56575643
000216,conv3.1.0,SubMConv3d,subm3,3x3x3,1x1x1,1x1x1,1x1x1,19116,19116,250682,27,12,1,1,0,0,0,-1,0,13847,0.05523731,0.13149329,2,0.72436702,0.72436702
000216,conv3.1.0,SubMConv3d,subm3,3x3x3,1x1x1,1x1x1,1x1x1,19116,19116,250682,27,13,1,1,1,0,0,0,1,19116,0.07625597,0.07625597,1,1.00000000,1.00000000
000216,conv3.1.0,SubMConv3d,subm3,3x3x3,1x1x1,1x1x1,1x1x1,19116,19116,250682,27,14,1,1,2,0,0,1,0,13847,0.05523731,0.18673060,3,0.72436702,0.72436702
000216,conv3.1.0,SubMConv3d,subm3,3x3x3,1x1x1,1x1x1,1x1x1,19116,19116,250682,27,15,1,2,0,0,1,-1,0,10815,0.04314231,0.47429811,9,0.56575643,0.56575643
000216,conv3.1.0,SubMConv3d,subm3,3x3x3,1x1x1,1x1x1,1x1x1,19116,19116,250682,27,16,1,2,1,0,1,0,0,13594,0.05422807,0.29518673,5,0.71113204,0.71113204
000216,conv3.1.0,SubMConv3d,subm3,3x3x3,1x1x1,1x1x1,1x1x1,19116,19116,250682,27,17,1,2,2,0,1,1,0,11635,0.04641338,0.38801350,7,0.60865244,0.60865244
000216,conv3.1.0,SubMConv3d,subm3,3x3x3,1x1x1,1x1x1,1x1x1,19116,19116,250682,27,18,2,0,0,1,-1,-1,0,6766,0.02699037,0.84920337,21,0.35394434,0.35394434
000216,conv3.1.0,SubMConv3d,subm3,3x3x3,1x1x1,1x1x1,1x1x1,19116,19116,250682,27,19,2,0,1,1,-1,0,0,7450,0.02971893,0.73793092,17,0.38972588,0.38972588
000216,conv3.1.0,SubMConv3d,subm3,3x3x3,1x1x1,1x1x1,1x1x1,19116,19116,250682,27,20,2,0,2,1,-1,1,0,6339,0.02528702,0.95248163,25,0.33160703,0.33160703
000216,conv3.1.0,SubMConv3d,subm3,3x3x3,1x1x1,1x1x1,1x1x1,19116,19116,250682,27,21,2,1,0,1,0,-1,0,7813,0.03116698,0.67849307,15,0.40871521,0.40871521
000216,conv3.1.0,SubMConv3d,subm3,3x3x3,1x1x1,1x1x1,1x1x1,19116,19116,250682,27,22,2,1,1,1,0,0,0,9863,0.03934467,0.55298745,11,0.51595522,0.51595522
000216,conv3.1.0,SubMConv3d,subm3,3x3x3,1x1x1,1x1x1,1x1x1,19116,19116,250682,27,23,2,1,2,1,0,1,0,7918,0.03158583,0.61615912,13,0.41420799,0.41420799
000216,conv3.1.0,SubMConv3d,subm3,3x3x3,1x1x1,1x1x1,1x1x1,19116,19116,250682,27,24,2,2,0,1,1,-1,0,5956,0.02375918,1.00000000,27,0.31157146,0.31157146
000216,conv3.1.0,SubMConv3d,subm3,3x3x3,1x1x1,1x1x1,1x1x1,19116,19116,250682,27,25,2,2,1,1,1,0,0,7181,0.02864585,0.79522263,19,0.37565390,0.37565390
000216,conv3.1.0,SubMConv3d,subm3,3x3x3,1x1x1,1x1x1,1x1x1,19116,19116,250682,27,26,2,2,2,1,1,1,0,6606,0.02635211,0.90190760,23,0.34557439,0.34557439
000216,conv3.2.0,SubMConv3d,subm3,3x3x3,1x1x1,1x1x1,1x1x1,19116,19116,250682,27,0,0,0,0,-1,-1,-1,0,6606,0.02635211,0.87555548,22,0.34557439,0.34557439
000216,conv3.2.0,SubMConv3d,subm3,3x3x3,1x1x1,1x1x1,1x1x1,19116,19116,250682,27,1,0,0,1,-1,-1,0,0,7181,0.02864585,0.76657678,18,0.37565390,0.37565390
000216,conv3.2.0,SubMConv3d,subm3,3x3x3,1x1x1,1x1x1,1x1x1,19116,19116,250682,27,2,0,0,2,-1,-1,1,0,5956,0.02375918,0.97624082,26,0.31157146,0.31157146
000216,conv3.2.0,SubMConv3d,subm3,3x3x3,1x1x1,1x1x1,1x1x1,19116,19116,250682,27,3,0,1,0,-1,0,-1,0,7918,0.03158583,0.58457328,12,0.41420799,0.41420799
000216,conv3.2.0,SubMConv3d,subm3,3x3x3,1x1x1,1x1x1,1x1x1,19116,19116,250682,27,4,0,1,1,-1,0,0,0,9863,0.03934467,0.51364278,10,0.51595522,0.51595522
000216,conv3.2.0,SubMConv3d,subm3,3x3x3,1x1x1,1x1x1,1x1x1,19116,19116,250682,27,5,0,1,2,-1,0,1,0,7813,0.03116698,0.64732609,14,0.40871521,0.40871521
000216,conv3.2.0,SubMConv3d,subm3,3x3x3,1x1x1,1x1x1,1x1x1,19116,19116,250682,27,6,0,2,0,-1,1,-1,0,6339,0.02528702,0.92719461,24,0.33160703,0.33160703
000216,conv3.2.0,SubMConv3d,subm3,3x3x3,1x1x1,1x1x1,1x1x1,19116,19116,250682,27,7,0,2,1,-1,1,0,0,7450,0.02971893,0.70821200,16,0.38972588,0.38972588
000216,conv3.2.0,SubMConv3d,subm3,3x3x3,1x1x1,1x1x1,1x1x1,19116,19116,250682,27,8,0,2,2,-1,1,1,0,6766,0.02699037,0.82221300,20,0.35394434,0.35394434
000216,conv3.2.0,SubMConv3d,subm3,3x3x3,1x1x1,1x1x1,1x1x1,19116,19116,250682,27,9,1,0,0,0,-1,-1,0,11635,0.04641338,0.34160011,6,0.60865244,0.60865244
000216,conv3.2.0,SubMConv3d,subm3,3x3x3,1x1x1,1x1x1,1x1x1,19116,19116,250682,27,10,1,0,1,0,-1,0,0,13594,0.05422807,0.24095866,4,0.71113204,0.71113204
000216,conv3.2.0,SubMConv3d,subm3,3x3x3,1x1x1,1x1x1,1x1x1,19116,19116,250682,27,11,1,0,2,0,-1,1,0,10815,0.04314231,0.43115581,8,0.56575643,0.56575643
000216,conv3.2.0,SubMConv3d,subm3,3x3x3,1x1x1,1x1x1,1x1x1,19116,19116,250682,27,12,1,1,0,0,0,-1,0,13847,0.05523731,0.13149329,2,0.72436702,0.72436702
000216,conv3.2.0,SubMConv3d,subm3,3x3x3,1x1x1,1x1x1,1x1x1,19116,19116,250682,27,13,1,1,1,0,0,0,1,19116,0.07625597,0.07625597,1,1.00000000,1.00000000
000216,conv3.2.0,SubMConv3d,subm3,3x3x3,1x1x1,1x1x1,1x1x1,19116,19116,250682,27,14,1,1,2,0,0,1,0,13847,0.05523731,0.18673060,3,0.72436702,0.72436702
000216,conv3.2.0,SubMConv3d,subm3,3x3x3,1x1x1,1x1x1,1x1x1,19116,19116,250682,27,15,1,2,0,0,1,-1,0,10815,0.04314231,0.47429811,9,0.56575643,0.56575643
000216,conv3.2.0,SubMConv3d,subm3,3x3x3,1x1x1,1x1x1,1x1x1,19116,19116,250682,27,16,1,2,1,0,1,0,0,13594,0.05422807,0.29518673,5,0.71113204,0.71113204
000216,conv3.2.0,SubMConv3d,subm3,3x3x3,1x1x1,1x1x1,1x1x1,19116,19116,250682,27,17,1,2,2,0,1,1,0,11635,0.04641338,0.38801350,7,0.60865244,0.60865244
000216,conv3.2.0,SubMConv3d,subm3,3x3x3,1x1x1,1x1x1,1x1x1,19116,19116,250682,27,18,2,0,0,1,-1,-1,0,6766,0.02699037,0.84920337,21,0.35394434,0.35394434
000216,conv3.2.0,SubMConv3d,subm3,3x3x3,1x1x1,1x1x1,1x1x1,19116,19116,250682,27,19,2,0,1,1,-1,0,0,7450,0.02971893,0.73793092,17,0.38972588,0.38972588
000216,conv3.2.0,SubMConv3d,subm3,3x3x3,1x1x1,1x1x1,1x1x1,19116,19116,250682,27,20,2,0,2,1,-1,1,0,6339,0.02528702,0.95248163,25,0.33160703,0.33160703
000216,conv3.2.0,SubMConv3d,subm3,3x3x3,1x1x1,1x1x1,1x1x1,19116,19116,250682,27,21,2,1,0,1,0,-1,0,7813,0.03116698,0.67849307,15,0.40871521,0.40871521
000216,conv3.2.0,SubMConv3d,subm3,3x3x3,1x1x1,1x1x1,1x1x1,19116,19116,250682,27,22,2,1,1,1,0,0,0,9863,0.03934467,0.55298745,11,0.51595522,0.51595522
000216,conv3.2.0,SubMConv3d,subm3,3x3x3,1x1x1,1x1x1,1x1x1,19116,19116,250682,27,23,2,1,2,1,0,1,0,7918,0.03158583,0.61615912,13,0.41420799,0.41420799
000216,conv3.2.0,SubMConv3d,subm3,3x3x3,1x1x1,1x1x1,1x1x1,19116,19116,250682,27,24,2,2,0,1,1,-1,0,5956,0.02375918,1.00000000,27,0.31157146,0.31157146
000216,conv3.2.0,SubMConv3d,subm3,3x3x3,1x1x1,1x1x1,1x1x1,19116,19116,250682,27,25,2,2,1,1,1,0,0,7181,0.02864585,0.79522263,19,0.37565390,0.37565390
000216,conv3.2.0,SubMConv3d,subm3,3x3x3,1x1x1,1x1x1,1x1x1,19116,19116,250682,27,26,2,2,2,1,1,1,0,6606,0.02635211,0.90190760,23,0.34557439,0.34557439
000216,conv4.0.0,SparseConv3d,spconv4,3x3x3,2x2x2,0x1x1,1x1x1,19116,8499,60358,27,0,0,0,0,0,-1,-1,0,1930,0.03197588,0.84084960,22,0.22708554,0.10096254
000216,conv4.0.0,SparseConv3d,spconv4,3x3x3,2x2x2,0x1x1,1x1x1,19116,8499,60358,27,1,0,0,1,0,-1,0,0,1921,0.03182677,0.93654528,25,0.22602659,0.10049173
000216,conv4.0.0,SparseConv3d,spconv4,3x3x3,2x2x2,0x1x1,1x1x1,19116,8499,60358,27,2,0,0,2,0,-1,1,0,1935,0.03205872,0.74482256,19,0.22767384,0.10122411
000216,conv4.0.0,SparseConv3d,spconv4,3x3x3,2x2x2,0x1x1,1x1x1,19116,8499,60358,27,3,0,1,0,0,0,-1,0,1925,0.03189304,0.90471851,24,0.22649723,0.10070098
000216,conv4.0.0,SparseConv3d,spconv4,3x3x3,2x2x2,0x1x1,1x1x1,19116,8499,60358,27,4,0,1,1,0,0,0,0,1909,0.03162795,1.00000000,27,0.22461466,0.09986399
000216,conv4.0.0,SparseConv3d,spconv4,3x3x3,2x2x2,0x1x1,1x1x1,19116,8499,60358,27,5,0,1,2,0,0,1,0,1931,0.03199245,0.80887372,21,0.22720320,0.10101486
000216,conv4.0.0,SparseConv3d,spconv4,3x3x3,2x2x2,0x1x1,1x1x1,19116,8499,60358,27,6,0,2,0,0,1,-1,0,1930,0.03197588,0.87282547,23,0.22708554,0.10096254
000216,conv4.0.0,SparseConv3d,spconv4,3x3x3,2x2x2,0x1x1,1x1x1,19116,8499,60358,27,7,0,2,1,0,1,0,0,1921,0.03182677,0.96837205,26,0.22602659,0.10049173
000216,conv4.0.0,SparseConv3d,spconv4,3x3x3,2x2x2,0x1x1,1x1x1,19116,8499,60358,27,8,0,2,2,0,1,1,0,1935,0.03205872,0.77688128,20,0.22767384,0.10122411
000216,conv4.0.0,SparseConv3d,spconv4,3x3x3,2x2x2,0x1x1,1x1x1,19116,8499,60358,27,9,1,0,0,1,-1,-1,0,2696,0.04466682,0.22444415,5,0.31721379,0.14103369
000216,conv4.0.0,SparseConv3d,spconv4,3x3x3,2x2x2,0x1x1,1x1x1,19116,8499,60358,27,10,1,0,1,1,-1,0,0,2683,0.04445144,0.35817953,8,0.31568420,0.14035363
000216,conv4.0.0,SparseConv3d,spconv4,3x3x3,2x2x2,0x1x1,1x1x1,19116,8499,60358,27,11,1,0,2,1,-1,1,0,2701,0.04474966,0.13502767,3,0.31780209,0.14129525
000216,conv4.0.0,SparseConv3d,spconv4,3x3x3,2x2x2,0x1x1,1x1x1,19116,8499,60358,27,12,1,1,0,1,0,-1,0,2721,0.04508102,0.09027801,2,0.32015531,0.14234149
000216,conv4.0.0,SparseConv3d,spconv4,3x3x3,2x2x2,0x1x1,1x1x1,19116,8499,60358,27,13,1,1,1,1,0,0,1,2693,0.04461712,0.31372809,7,0.31686081,0.14087675
000216,conv4.0.0,SparseConv3d,spconv4,3x3x3,2x2x2,0x1x1,1x1x1,19116,8499,60358,27,14,1,1,2,1,0,1,0,2728,0.04519699,0.04519699,1,0.32097894,0.14270768
000216,conv4.0.0,SparseConv3d,spconv4,3x3x3,2x2x2,0x1x1,1x1x1,19116,8499,60358,27,15,1,2,0,1,1,-1,0,2696,0.04466682,0.26911097,6,0.31721379,0.14103369
000216,conv4.0.0,SparseConv3d,spconv4,3x3x3,2x2x2,0x1x1,1x1x1,19116,8499,60358,27,16,1,2,1,1,1,0,0,2683,0.04445144,0.40263097,9,0.31568420,0.14035363
000216,conv4.0.0,SparseConv3d,spconv4,3x3x3,2x2x2,0x1x1,1x1x1,19116,8499,60358,27,17,1,2,2,1,1,1,0,2701,0.04474966,0.17977733,4,0.31780209,0.14129525
000216,conv4.0.0,SparseConv3d,spconv4,3x3x3,2x2x2,0x1x1,1x1x1,19116,8499,60358,27,18,2,0,0,2,-1,-1,0,2082,0.03449418,0.57561549,14,0.24497000,0.10891400
000216,conv4.0.0,SparseConv3d,spconv4,3x3x3,2x2x2,0x1x1,1x1x1,19116,8499,60358,27,19,2,0,1,2,-1,0,0,2068,0.03426224,0.64437191,16,0.24332274,0.10818163
000216,conv4.0.0,SparseConv3d,spconv4,3x3x3,2x2x2,0x1x1,1x1x1,19116,8499,60358,27,20,2,0,2,2,-1,1,0,2088,0.03459359,0.47193413,11,0.24567596,0.10922787
000216,conv4.0.0,SparseConv3d,spconv4,3x3x3,2x2x2,0x1x1,1x1x1,19116,8499,60358,27,21,2,1,0,2,0,-1,0,2088,0.03459359,0.50652772,12,0.24567596,0.10922787
000216,conv4.0.0,SparseConv3d,spconv4,3x3x3,2x2x2,0x1x1,1x1x1,19116,8499,60358,27,22,2,1,1,2,0,0,0,2060,0.03412969,0.71276384,18,0.24238146,0.10776313
000216,conv4.0.0,SparseConv3d,spconv4,3x3x3,2x2x2,0x1x1,1x1x1,19116,8499,60358,27,23,2,1,2,2,0,1,0,2095,0.03470957,0.43734053,10,0.24649959,0.10959406
000216,conv4.0.0,SparseConv3d,spconv4,3x3x3,2x2x2,0x1x1,1x1x1,19116,8499,60358,27,24,2,2,0,2,1,-1,0,2082,0.03449418,0.61010968,15,0.24497000,0.10891400
000216,conv4.0.0,SparseConv3d,spconv4,3x3x3,2x2x2,0x1x1,1x1x1,19116,8499,60358,27,25,2,2,1,2,1,0,0,2068,0.03426224,0.67863415,17,0.24332274,0.10818163
000216,conv4.0.0,SparseConv3d,spconv4,3x3x3,2x2x2,0x1x1,1x1x1,19116,8499,60358,27,26,2,2,2,2,1,1,0,2088,0.03459359,0.54112131,13,0.24567596,0.10922787
000216,conv4.1.0,SubMConv3d,subm4,3x3x3,1x1x1,1x1x1,1x1x1,8499,8499,119201,27,0,0,0,0,-1,-1,-1,0,3143,0.02636723,0.87261013,22,0.36980821,0.36980821
000216,conv4.1.0,SubMConv3d,subm4,3x3x3,1x1x1,1x1x1,1x1x1,8499,8499,119201,27,1,0,0,1,-1,-1,0,0,3338,0.02800312,0.76374359,18,0.39275209,0.39275209
000216,conv4.1.0,SubMConv3d,subm4,3x3x3,1x1x1,1x1x1,1x1x1,8499,8499,119201,27,2,0,0,2,-1,-1,1,0,2932,0.02459711,0.97540289,26,0.34498176,0.34498176
000216,conv4.1.0,SubMConv3d,subm4,3x3x3,1x1x1,1x1x1,1x1x1,8499,8499,119201,27,3,0,1,0,-1,0,-1,0,3634,0.03048632,0.58686588,12,0.42757972,0.42757972
000216,conv4.1.0,SubMConv3d,subm4,3x3x3,1x1x1,1x1x1,1x1x1,8499,8499,119201,27,4,0,1,1,-1,0,0,0,4257,0.03571279,0.52066677,10,0.50088246,0.50088246
000216,conv4.1.0,SubMConv3d,subm4,3x3x3,1x1x1,1x1x1,1x1x1,8499,8499,119201,27,5,0,1,2,-1,0,1,0,3594,0.03015075,0.64750296,14,0.42287328,0.42287328
000216,conv4.1.0,SubMConv3d,subm4,3x3x3,1x1x1,1x1x1,1x1x1,8499,8499,119201,27,6,0,2,0,-1,1,-1,0,3089,0.02591421,0.92489157,24,0.36345452,0.36345452
000216,conv4.1.0,SubMConv3d,subm4,3x3x3,1x1x1,1x1x1,1x1x1,8499,8499,119201,27,7,0,2,1,-1,1,0,0,3462,0.02904338,0.70669709,16,0.40734204,0.40734204
000216,conv4.1.0,SubMConv3d,subm4,3x3x3,1x1x1,1x1x1,1x1x1,8499,8499,119201,27,8,0,2,2,-1,1,1,0,3248,0.02724809,0.81899481,20,0.38216261,0.38216261
000216,conv4.1.0,SubMConv3d,subm4,3x3x3,1x1x1,1x1x1,1x1x1,8499,8499,119201,27,9,1,0,0,0,-1,-1,0,5866,0.04921100,0.34321021,6,0.69019885,0.69019885
000216,conv4.1.0,SubMConv3d,subm4,3x3x3,1x1x1,1x1x1,1x1x1,8499,8499,119201,27,10,1,0,1,0,-1,0,0,6487,0.05442068,0.23957853,4,0.76326627,0.76326627
000216,conv4.1.0,SubMConv3d,subm4,3x3x3,1x1x1,1x1x1,1x1x1,8499,8499,119201,27,11,1,0,2,0,-1,1,0,5515,0.04626639,0.43868759,8,0.64889987,0.64889987
000216,conv4.1.0,SubMConv3d,subm4,3x3x3,1x1x1,1x1x1,1x1x1,8499,8499,119201,27,12,1,1,0,0,0,-1,0,6786,0.05692905,0.12822879,2,0.79844688,0.79844688
000216,conv4.1.0,SubMConv3d,subm4,3x3x3,1x1x1,1x1x1,1x1x1,8499,8499,119201,27,13,1,1,1,0,0,0,1,8499,0.07129974,0.07129974,1,1.00000000,1.00000000
000216,conv4.1.0,SubMConv3d,subm4,3x3x3,1x1x1,1x1x1,1x1x1,8499,8499,119201,27,14,1,1,2,0,0,1,0,6786,0.05692905,0.18515784,3,0.79844688,0.79844688
000216,conv4.1.0,SubMConv3d,subm4,3x3x3,1x1x1,1x1x1,1x1x1,8499,8499,119201,27,15,1,2,0,0,1,-1,0,5515,0.04626639,0.48495399,9,0.64889987,0.64889987
000216,conv4.1.0,SubMConv3d,subm4,3x3x3,1x1x1,1x1x1,1x1x1,8499,8499,119201,27,16,1,2,1,0,1,0,0,6487,0.05442068,0.29399921,5,0.76326627,0.76326627
000216,conv4.1.0,SubMConv3d,subm4,3x3x3,1x1x1,1x1x1,1x1x1,8499,8499,119201,27,17,1,2,2,0,1,1,0,5866,0.04921100,0.39242120,7,0.69019885,0.69019885
000216,conv4.1.0,SubMConv3d,subm4,3x3x3,1x1x1,1x1x1,1x1x1,8499,8499,119201,27,18,2,0,0,1,-1,-1,0,3248,0.02724809,0.84624290,21,0.38216261,0.38216261
000216,conv4.1.0,SubMConv3d,subm4,3x3x3,1x1x1,1x1x1,1x1x1,8499,8499,119201,27,19,2,0,1,1,-1,0,0,3462,0.02904338,0.73574047,17,0.40734204,0.40734204
000216,conv4.1.0,SubMConv3d,subm4,3x3x3,1x1x1,1x1x1,1x1x1,8499,8499,119201,27,20,2,0,2,1,-1,1,0,3089,0.02591421,0.95080578,25,0.36345452,0.36345452
000216,conv4.1.0,SubMConv3d,subm4,3x3x3,1x1x1,1x1x1,1x1x1,8499,8499,119201,27,21,2,1,0,1,0,-1,0,3594,0.03015075,0.67765371,15,0.42287328,0.42287328
000216,conv4.1.0,SubMConv3d,subm4,3x3x3,1x1x1,1x1x1,1x1x1,8499,8499,119201,27,22,2,1,1,1,0,0,0,4257,0.03571279,0.55637956,11,0.50088246,0.50088246
000216,conv4.1.0,SubMConv3d,subm4,3x3x3,1x1x1,1x1x1,1x1x1,8499,8499,119201,27,23,2,1,2,1,0,1,0,3634,0.03048632,0.61735220,13,0.42757972,0.42757972
000216,conv4.1.0,SubMConv3d,subm4,3x3x3,1x1x1,1x1x1,1x1x1,8499,8499,119201,27,24,2,2,0,1,1,-1,0,2932,0.02459711,1.00000000,27,0.34498176,0.34498176
000216,conv4.1.0,SubMConv3d,subm4,3x3x3,1x1x1,1x1x1,1x1x1,8499,8499,119201,27,25,2,2,1,1,1,0,0,3338,0.02800312,0.79174671,19,0.39275209,0.39275209
000216,conv4.1.0,SubMConv3d,subm4,3x3x3,1x1x1,1x1x1,1x1x1,8499,8499,119201,27,26,2,2,2,1,1,1,0,3143,0.02636723,0.89897736,23,0.36980821,0.36980821
000216,conv4.2.0,SubMConv3d,subm4,3x3x3,1x1x1,1x1x1,1x1x1,8499,8499,119201,27,0,0,0,0,-1,-1,-1,0,3143,0.02636723,0.87261013,22,0.36980821,0.36980821
000216,conv4.2.0,SubMConv3d,subm4,3x3x3,1x1x1,1x1x1,1x1x1,8499,8499,119201,27,1,0,0,1,-1,-1,0,0,3338,0.02800312,0.76374359,18,0.39275209,0.39275209
000216,conv4.2.0,SubMConv3d,subm4,3x3x3,1x1x1,1x1x1,1x1x1,8499,8499,119201,27,2,0,0,2,-1,-1,1,0,2932,0.02459711,0.97540289,26,0.34498176,0.34498176
000216,conv4.2.0,SubMConv3d,subm4,3x3x3,1x1x1,1x1x1,1x1x1,8499,8499,119201,27,3,0,1,0,-1,0,-1,0,3634,0.03048632,0.58686588,12,0.42757972,0.42757972
000216,conv4.2.0,SubMConv3d,subm4,3x3x3,1x1x1,1x1x1,1x1x1,8499,8499,119201,27,4,0,1,1,-1,0,0,0,4257,0.03571279,0.52066677,10,0.50088246,0.50088246
000216,conv4.2.0,SubMConv3d,subm4,3x3x3,1x1x1,1x1x1,1x1x1,8499,8499,119201,27,5,0,1,2,-1,0,1,0,3594,0.03015075,0.64750296,14,0.42287328,0.42287328
000216,conv4.2.0,SubMConv3d,subm4,3x3x3,1x1x1,1x1x1,1x1x1,8499,8499,119201,27,6,0,2,0,-1,1,-1,0,3089,0.02591421,0.92489157,24,0.36345452,0.36345452
000216,conv4.2.0,SubMConv3d,subm4,3x3x3,1x1x1,1x1x1,1x1x1,8499,8499,119201,27,7,0,2,1,-1,1,0,0,3462,0.02904338,0.70669709,16,0.40734204,0.40734204
000216,conv4.2.0,SubMConv3d,subm4,3x3x3,1x1x1,1x1x1,1x1x1,8499,8499,119201,27,8,0,2,2,-1,1,1,0,3248,0.02724809,0.81899481,20,0.38216261,0.38216261
000216,conv4.2.0,SubMConv3d,subm4,3x3x3,1x1x1,1x1x1,1x1x1,8499,8499,119201,27,9,1,0,0,0,-1,-1,0,5866,0.04921100,0.34321021,6,0.69019885,0.69019885
000216,conv4.2.0,SubMConv3d,subm4,3x3x3,1x1x1,1x1x1,1x1x1,8499,8499,119201,27,10,1,0,1,0,-1,0,0,6487,0.05442068,0.23957853,4,0.76326627,0.76326627
000216,conv4.2.0,SubMConv3d,subm4,3x3x3,1x1x1,1x1x1,1x1x1,8499,8499,119201,27,11,1,0,2,0,-1,1,0,5515,0.04626639,0.43868759,8,0.64889987,0.64889987
000216,conv4.2.0,SubMConv3d,subm4,3x3x3,1x1x1,1x1x1,1x1x1,8499,8499,119201,27,12,1,1,0,0,0,-1,0,6786,0.05692905,0.12822879,2,0.79844688,0.79844688
000216,conv4.2.0,SubMConv3d,subm4,3x3x3,1x1x1,1x1x1,1x1x1,8499,8499,119201,27,13,1,1,1,0,0,0,1,8499,0.07129974,0.07129974,1,1.00000000,1.00000000
000216,conv4.2.0,SubMConv3d,subm4,3x3x3,1x1x1,1x1x1,1x1x1,8499,8499,119201,27,14,1,1,2,0,0,1,0,6786,0.05692905,0.18515784,3,0.79844688,0.79844688
000216,conv4.2.0,SubMConv3d,subm4,3x3x3,1x1x1,1x1x1,1x1x1,8499,8499,119201,27,15,1,2,0,0,1,-1,0,5515,0.04626639,0.48495399,9,0.64889987,0.64889987
000216,conv4.2.0,SubMConv3d,subm4,3x3x3,1x1x1,1x1x1,1x1x1,8499,8499,119201,27,16,1,2,1,0,1,0,0,6487,0.05442068,0.29399921,5,0.76326627,0.76326627
000216,conv4.2.0,SubMConv3d,subm4,3x3x3,1x1x1,1x1x1,1x1x1,8499,8499,119201,27,17,1,2,2,0,1,1,0,5866,0.04921100,0.39242120,7,0.69019885,0.69019885
000216,conv4.2.0,SubMConv3d,subm4,3x3x3,1x1x1,1x1x1,1x1x1,8499,8499,119201,27,18,2,0,0,1,-1,-1,0,3248,0.02724809,0.84624290,21,0.38216261,0.38216261
000216,conv4.2.0,SubMConv3d,subm4,3x3x3,1x1x1,1x1x1,1x1x1,8499,8499,119201,27,19,2,0,1,1,-1,0,0,3462,0.02904338,0.73574047,17,0.40734204,0.40734204
000216,conv4.2.0,SubMConv3d,subm4,3x3x3,1x1x1,1x1x1,1x1x1,8499,8499,119201,27,20,2,0,2,1,-1,1,0,3089,0.02591421,0.95080578,25,0.36345452,0.36345452
000216,conv4.2.0,SubMConv3d,subm4,3x3x3,1x1x1,1x1x1,1x1x1,8499,8499,119201,27,21,2,1,0,1,0,-1,0,3594,0.03015075,0.67765371,15,0.42287328,0.42287328
000216,conv4.2.0,SubMConv3d,subm4,3x3x3,1x1x1,1x1x1,1x1x1,8499,8499,119201,27,22,2,1,1,1,0,0,0,4257,0.03571279,0.55637956,11,0.50088246,0.50088246
000216,conv4.2.0,SubMConv3d,subm4,3x3x3,1x1x1,1x1x1,1x1x1,8499,8499,119201,27,23,2,1,2,1,0,1,0,3634,0.03048632,0.61735220,13,0.42757972,0.42757972
000216,conv4.2.0,SubMConv3d,subm4,3x3x3,1x1x1,1x1x1,1x1x1,8499,8499,119201,27,24,2,2,0,1,1,-1,0,2932,0.02459711,1.00000000,27,0.34498176,0.34498176
000216,conv4.2.0,SubMConv3d,subm4,3x3x3,1x1x1,1x1x1,1x1x1,8499,8499,119201,27,25,2,2,1,1,1,0,0,3338,0.02800312,0.79174671,19,0.39275209,0.39275209
000216,conv4.2.0,SubMConv3d,subm4,3x3x3,1x1x1,1x1x1,1x1x1,8499,8499,119201,27,26,2,2,2,1,1,1,0,3143,0.02636723,0.89897736,23,0.36980821,0.36980821
