layer_id,module_name,cout_channel,bias_int,bias_bits_needed,shift,sx,sw,sy,real_multiplier,pow2_multiplier,relative_error,relu_en,rounding_en
0,conv_input.0,0,355,10,6,0.5543306469917297,0.0013573197647929192,0.04647153243422508,0.01619064196897874,0.015625,0.034936352126278214,True,True
0,conv_input.0,1,187,9,6,0.5543306469917297,0.001653375686146319,0.04647153243422508,0.01972211299722264,0.015625,0.20774209121505469,True,True
0,conv_input.0,2,13,5,2,0.5543306469917297,0.02683071233332157,0.04647153243422508,0.3200472493139797,0.25,0.21886533774036732,True,True
0,conv_input.0,3,284,10,8,0.5543306469917297,0.0004462212964426726,0.04647153243422508,0.005322702458944203,0.00390625,0.26611528069994106,True,True
0,conv_input.0,4,3267,13,8,0.5543306469917297,0.00032898137578740716,0.04647153243422508,0.003924218749329559,0.00390625,0.0045789367202398006,True,True
0,conv_input.0,5,-164,9,4,0.5543306469917297,0.004023970104753971,0.04647153243422508,0.04799949205033877,0.0625,0.3020971124955662,True,True
0,conv_input.0,6,1149,12,8,0.5543306469917297,0.0004080148064531386,0.04647153243422508,0.004866960476577733,0.00390625,0.19739434523891372,True,True
0,conv_input.0,7,-430,10,5,0.5543306469917297,0.0022742676082998514,0.04647153243422508,0.027128355117739138,0.03125,0.1519312492177505,True,True
0,conv_input.0,8,-258,10,4,0.5543306469917297,0.005712986458092928,0.04647153243422508,0.06814674089028568,0.0625,0.08286149589129682,True,True
0,conv_input.0,9,-152,9,5,0.5543306469917297,0.003580527612939477,0.04647153243422508,0.042709936261769214,0.03125,0.2683201443226527,True,True
0,conv_input.0,10,62,7,6,0.5543306469917297,0.0009943636832758784,0.04647153243422508,0.01186115961799977,0.015625,0.31732482347581387,True,True
0,conv_input.0,11,-376,10,4,0.5543306469917297,0.0040291305631399155,0.04647153243422508,0.0480610480198972,0.0625,0.30042940333146917,True,True
0,conv_input.0,12,-144,9,4,0.5543306469917297,0.004708323162049055,0.04647153243422508,0.056162723455674676,0.0625,0.11283777129018494,True,True
0,conv_input.0,13,1340,12,6,0.5543306469917297,0.0014094756916165352,0.04647153243422508,0.016812778299462552,0.015625,0.07064735395342255,True,True
0,conv_input.0,14,2010,12,8,0.5543306469917297,0.0003812416980508715,0.04647153243422508,0.004547600349523298,0.00390625,0.14103049965473055,True,True
0,conv_input.0,15,-140,9,5,0.5543306469917297,0.0028147215489298105,0.04647153243422508,0.033575101478054876,0.03125,0.06925076546900664,True,True
1,conv1.0.0,0,7827,14,9,0.04647153243422508,0.0023306545335799456,0.0737324208021164,0.001468947941380019,0.001953125,0.32960804462894416,True,True
1,conv1.0.0,1,3452,13,8,0.04647153243422508,0.006897827610373497,0.0737324208021164,0.0043475124786892146,0.00390625,0.10149769111698013,True,True
1,conv1.0.0,2,1642,12,10,0.04647153243422508,0.0018122117035090923,0.0737324208021164,0.0011421875755758145,0.0009765625,0.14500689651812873,True,True
1,conv1.0.0,3,-4231,14,8,0.04647153243422508,0.005125340074300766,0.0737324208021164,0.0032303619616469302,0.00390625,0.2092298158465446,True,True
1,conv1.0.0,4,2185,13,9,0.04647153243422508,0.0031955663580447435,0.0737324208021164,0.002014078258086058,0.001953125,0.0302635996597177,True,True
1,conv1.0.0,5,55,7,8,0.04647153243422508,0.005035145208239555,0.0737324208021164,0.003173514599279522,0.00390625,0.23089082397378283,True,True
1,conv1.0.0,6,6336,14,10,0.04647153243422508,0.002174066612496972,0.0737324208021164,0.0013702548485146021,0.0009765625,0.2873132315068081,True,True
1,conv1.0.0,7,4032,13,9,0.04647153243422508,0.0024377917870879173,0.0737324208021164,0.001536473628142315,0.001953125,0.27117378666722736,True,True
1,conv1.0.0,8,6430,14,10,0.04647153243422508,0.0015493481187149882,0.0737324208021164,0.0009765118324814653,0.0009765625,5.188623102084767e-05,True,True
1,conv1.0.0,9,13050,15,10,0.04647153243422508,0.0019089956767857075,0.0737324208021164,0.0012031878723829457,0.0009765625,0.18835410294994756,True,True
1,conv1.0.0,10,-1523,12,9,0.04647153243422508,0.0041129980236291885,0.0737324208021164,0.0025923103972126894,0.001953125,0.24656977725350943,True,True
1,conv1.0.0,11,-330,10,8,0.04647153243422508,0.005597067065536976,0.0737324208021164,0.003527678609260699,0.00390625,0.10731459202249685,True,True
1,conv1.0.0,12,8743,15,9,0.04647153243422508,0.0023562698625028133,0.0737324208021164,0.0014850925840745421,0.001953125,0.3151536954291098,True,True
1,conv1.0.0,13,2217,13,9,0.04647153243422508,0.004088064190000296,0.0737324208021164,0.0025765952824017375,0.001953125,0.24197447176126874,True,True
1,conv1.0.0,14,5878,14,10,0.04647153243422508,0.001390127814374864,0.0737324208021164,0.0008761596202953589,0.0009765625,0.11459427868953229,True,True
1,conv1.0.0,15,3698,13,8,0.04647153243422508,0.00599890248849988,0.0737324208021164,0.0037809445089598058,0.00390625,0.033141319779556255,True,True
2,conv2.0.0,0,13,5,9,0.0737324208021164,0.0036932905204594135,0.13493476808071136,0.0020181251627904777,0.001953125,0.03220819203334318,True,True
2,conv2.0.0,1,2430,13,9,0.0737324208021164,0.0026332365814596415,0.13493476808071136,0.0014388797672929988,0.001953125,0.35739277484905074,True,True
2,conv2.0.0,2,1753,12,9,0.0737324208021164,0.002894740318879485,0.13493476808071136,0.0015817732845311426,0.001953125,0.23476924228046414,True,True
2,conv2.0.0,3,532,11,8,0.0737324208021164,0.005698083434253931,0.13493476808071136,0.003113604384665901,0.00390625,0.25457492905578377,True,True
2,conv2.0.0,4,2277,13,9,0.0737324208021164,0.004239913076162338,0.13493476808071136,0.002316816188611996,0.001953125,0.15697887057232768,True,True
2,conv2.0.0,5,-959,11,10,0.0737324208021164,0.0018294078763574362,0.13493476808071136,0.000999643555748434,0.0009765625,0.023089285791627154,True,True
2,conv2.0.0,6,3540,13,8,0.0737324208021164,0.00558569235727191,0.13493476808071136,0.0030521905155770634,0.00390625,0.2798185369046216,True,True
2,conv2.0.0,7,1443,12,9,0.0737324208021164,0.003472487675026059,0.13493476808071136,0.0018974718386297344,0.001953125,0.0293301646102193,True,True
2,conv2.0.0,8,3201,13,9,0.0737324208021164,0.003941303119063377,0.13493476808071136,0.002153646715497751,0.001953125,0.09310798937206666,True,True
2,conv2.0.0,9,-422,10,9,0.0737324208021164,0.0029658644925802946,0.13493476808071136,0.001620637674925871,0.001953125,0.20515833379557666,True,True
2,conv2.0.0,10,-264,10,10,0.0737324208021164,0.0020183920860290527,0.13493476808071136,0.0011029102191196434,0.0009765625,0.114558480762374,True,True
2,conv2.0.0,11,85,8,9,0.0737324208021164,0.0031294964719563723,0.13493476808071136,0.0017100511161882706,0.001953125,0.14214422101810895,True,True
2,conv2.0.0,12,493,10,10,0.0737324208021164,0.0014146915636956692,0.13493476808071136,0.000773030073444235,0.0009765625,0.2632917315220692,True,True
2,conv2.0.0,13,-1256,12,10,0.0737324208021164,0.002140806056559086,0.13493476808071136,0.0011698008990797515,0.0009765625,0.16518913537488866,True,True
2,conv2.0.0,14,551,11,9,0.0737324208021164,0.004482281859964132,0.13493476808071136,0.002449253790949459,0.001953125,0.2025632430509104,True,True
2,conv2.0.0,15,-1124,12,10,0.0737324208021164,0.0017511778278276324,0.13493476808071136,0.0009568963013557093,0.0009765625,0.020552068825460033,True,True
2,conv2.0.0,16,-808,11,9,0.0737324208021164,0.002965841442346573,0.13493476808071136,0.0016206250795840142,0.001953125,0.20516770016994473,True,True
2,conv2.0.0,17,3189,13,9,0.0737324208021164,0.004234175197780132,0.13493476808071136,0.002313680839069355,0.001953125,0.15583646325842568,True,True
2,conv2.0.0,18,3557,13,9,0.0737324208021164,0.0044046132825315,0.13493476808071136,0.0024068133412727738,0.001953125,0.1885016729352405,True,True
2,conv2.0.0,19,-814,11,10,0.0737324208021164,0.002456049667671323,0.13493476808071136,0.0013420595016646907,0.0009765625,0.27234038521490905,True,True
2,conv2.0.0,20,656,11,9,0.0737324208021164,0.0047415695153176785,0.13493476808071136,0.002590936374209886,0.001953125,0.24617021882846835,True,True
2,conv2.0.0,21,637,11,9,0.0737324208021164,0.0035214547533541918,0.13493476808071136,0.0019242289248580997,0.001953125,0.015016963298185143,True,True
2,conv2.0.0,22,136,9,9,0.0737324208021164,0.004047415219247341,0.13493476808071136,0.002211629562574499,0.001953125,0.1168842047280199,True,True
2,conv2.0.0,23,99,8,10,0.0737324208021164,0.0022992610465735197,0.13493476808071136,0.0012563854774513617,0.0009765625,0.22272063986205576,True,True
2,conv2.0.0,24,-963,11,10,0.0737324208021164,0.0017323080683127046,0.13493476808071136,0.0009465852964992206,0.0009765625,0.03166878210727004,True,True
2,conv2.0.0,25,884,11,9,0.0737324208021164,0.0031254454515874386,0.13493476808071136,0.0017078375166633393,0.001953125,0.1436246018391066,True,True
2,conv2.0.0,26,823,11,9,0.0737324208021164,0.002538688713684678,0.13493476808071136,0.0013872159650581545,0.001953125,0.40794587807250443,True,True
2,conv2.0.0,27,1240,12,10,0.0737324208021164,0.002435035537928343,0.13493476808071136,0.0013305767483384843,0.0009765625,0.26606075055839384,True,True
2,conv2.0.0,28,-1705,12,10,0.0737324208021164,0.0021563733462244272,0.13493476808071136,0.00117830733495747,0.0009765625,0.17121580166073713,True,True
2,conv2.0.0,29,3902,13,9,0.0737324208021164,0.003350544488057494,0.13493476808071136,0.0018308384089851279,0.001953125,0.06679267291680763,True,True
2,conv2.0.0,30,-1198,12,10,0.0737324208021164,0.0024008648470044136,0.13493476808071136,0.0013119048537768457,0.0009765625,0.2556148434175145,True,True
2,conv2.0.0,31,-419,10,10,0.0737324208021164,0.0018288999563083053,0.13493476808071136,0.0009993660129377186,0.0009765625,0.022817979241345036,True,True
3,conv2.1.0,0,-2624,13,11,0.13493476808071136,0.0005262834602035582,0.11948297172784805,0.0005943435756605818,0.00048828125,0.17845288483634922,True,True
3,conv2.1.0,1,-1709,12,9,0.13493476808071136,0.0019098363118246198,0.11948297172784805,0.002156820474763208,0.001953125,0.09444248009819704,True,True
3,conv2.1.0,2,6067,14,9,0.13493476808071136,0.002093446208164096,0.11948297172784805,0.0023641752000568062,0.001953125,0.1738662177180987,True,True
3,conv2.1.0,3,4275,14,10,0.13493476808071136,0.0010425399523228407,0.11948297172784805,0.0011773634740352805,0.0009765625,0.17055138745476603,True,True
3,conv2.1.0,4,6705,14,9,0.13493476808071136,0.001529413159005344,0.11948297172784805,0.0017272001769426618,0.001953125,0.1308040759104428,True,True
3,conv2.1.0,5,5050,14,9,0.13493476808071136,0.0012721266830340028,0.11948297172784805,0.001436640857372232,0.001953125,0.359508181865628,True,True
3,conv2.1.0,6,2785,13,10,0.13493476808071136,0.0010197825031355023,0.11948297172784805,0.0011516629822932731,0.0009765625,0.15204142616844435,True,True
3,conv2.1.0,7,4182,14,10,0.13493476808071136,0.0006967691006138921,0.11948297172784805,0.0007868767878597079,0.0009765625,0.24106151695773642,True,True
3,conv2.1.0,8,3457,13,9,0.13493476808071136,0.0012645816896110773,0.11948297172784805,0.0014281201290795688,0.001953125,0.36761954420374965,True,True
3,conv2.1.0,9,4189,14,9,0.13493476808071136,0.0021169278770685196,0.11948297172784805,0.0023906935691762445,0.001953125,0.18302996871615648,True,True
3,conv2.1.0,10,3906,13,9,0.13493476808071136,0.002251294907182455,0.11948297172784805,0.002542437234268666,0.001953125,0.23179027836971638,True,True
3,conv2.1.0,11,-1758,12,10,0.13493476808071136,0.0008597270352765918,0.11948297172784805,0.0009709087951210252,0.0009765625,0.005823106050110611,True,True
3,conv2.1.0,12,-1515,12,10,0.13493476808071136,0.0010731266811490059,0.11948297172784805,0.0012119057447942214,0.0009765625,0.19419269675479764,True,True
3,conv2.1.0,13,6215,14,9,0.13493476808071136,0.0012878909474238753,0.11948297172784805,0.0014544437905320766,0.001953125,0.342867295879129,True,True
3,conv2.1.0,14,2189,13,9,0.13493476808071136,0.0013080850476399064,0.11948297172784805,0.0014772494354691257,0.001953125,0.32213623041917216,True,True
3,conv2.1.0,15,4024,13,9,0.13493476808071136,0.0013745389878749847,0.11948297172784805,0.0015522973429993652,0.001953125,0.25821577213174335,True,True
3,conv2.1.0,16,-4537,14,9,0.13493476808071136,0.0020202710293233395,0.11948297172784805,0.00228153684880595,0.001953125,0.14394325867575852,True,True
3,conv2.1.0,17,3360,13,9,0.13493476808071136,0.0018736431375145912,0.11948297172784805,0.0021159467208633443,0.001953125,0.07694982073882756,True,True
3,conv2.1.0,18,4830,14,10,0.13493476808071136,0.0006509236409328878,0.11948297172784805,0.0007351024941662066,0.0009765625,0.32847121013739794,True,True
3,conv2.1.0,19,6980,14,10,0.13493476808071136,0.0009595244191586971,0.11948297172784805,0.0010836121925546448,0.0009765625,0.0987896715173279,True,True
3,conv2.1.0,20,6288,14,10,0.13493476808071136,0.0009094463894143701,0.11948297172784805,0.0010270579636819225,0.0009765625,0.04916515471132732,True,True
3,conv2.1.0,21,1223,12,9,0.13493476808071136,0.0013426614459604025,0.11948297172784805,0.0015162973284113049,0.001953125,0.2880884002126283,True,True
3,conv2.1.0,22,3761,13,9,0.13493476808071136,0.0012632946018129587,0.11948297172784805,0.0014266665923033475,0.001953125,0.3690129218254754,True,True
3,conv2.1.0,23,2746,13,10,0.13493476808071136,0.0011708535021170974,0.11948297172784805,0.0013222708096390322,0.0009765625,0.2614504586495465,True,True
3,conv2.1.0,24,4949,14,10,0.13493476808071136,0.0011288117384538054,0.11948297172784805,0.0012747921141598821,0.0009765625,0.2339437237234735,True,True
3,conv2.1.0,25,4346,14,8,0.13493476808071136,0.002617806661874056,0.11948297172784805,0.0029563470818644564,0.00390625,0.3213096743486816,True,True
3,conv2.1.0,26,3667,13,9,0.13493476808071136,0.0020932999905198812,0.11948297172784805,0.002364010073230564,0.001953125,0.17380851202087502,True,True
3,conv2.1.0,27,4134,14,9,0.13493476808071136,0.0012416329700499773,0.11948297172784805,0.0014022036314653352,0.001953125,0.3928968347906354,True,True
3,conv2.1.0,28,5845,14,9,0.13493476808071136,0.0014736778102815151,0.11948297172784805,0.0016642570123628795,0.001953125,0.17357174131836245,True,True
3,conv2.1.0,29,3544,13,10,0.13493476808071136,0.0009279476362280548,0.11948297172784805,0.0010479518317528878,0.0009765625,0.06812272242845008,True,True
3,conv2.1.0,30,3774,13,9,0.13493476808071136,0.001565207028761506,0.11948297172784805,0.001767622987360033,0.001953125,0.1049443314363186,True,True
3,conv2.1.0,31,-1264,12,10,0.13493476808071136,0.0008253486594185233,0.11948297172784805,0.0009320845333344495,0.0009765625,0.047718812054990865,True,True
4,conv2.2.0,0,5532,14,10,0.11948297172784805,0.0008710312540642917,0.10343006253242493,0.00100622005010206,0.0009765625,0.029474218983265035,True,True
4,conv2.2.0,1,4565,14,8,0.11948297172784805,0.0025029589887708426,0.10343006253242493,0.002891431860031171,0.00390625,0.3509742539662991,True,True
4,conv2.2.0,2,-798,11,10,0.11948297172784805,0.0009764919523149729,0.10343006253242493,0.001128048823274608,0.0009765625,0.1342905733768322,True,True
4,conv2.2.0,3,-226,9,10,0.11948297172784805,0.0009227151749655604,0.10343006253242493,0.0010659255971029106,0.0009765625,0.08383614892614592,True,True
4,conv2.2.0,4,908,11,9,0.11948297172784805,0.002032921649515629,0.10343006253242493,0.0023484421649446266,0.001953125,0.1683316586823196,True,True
4,conv2.2.0,5,4244,14,9,0.11948297172784805,0.0012653794838115573,0.10343006253242493,0.0014617732735282584,0.001953125,0.33613401980306695,True,True
4,conv2.2.0,6,1825,12,9,0.11948297172784805,0.0012337821535766125,0.10343006253242493,0.0014252718654975533,0.001953125,0.3703525953753227,True,True
4,conv2.2.0,7,-155,9,9,0.11948297172784805,0.0020833220332860947,0.10343006253242493,0.0024066649628592214,0.001953125,0.1884516415281986,True,True
4,conv2.2.0,8,-974,11,10,0.11948297172784805,0.000797378015704453,0.10343006253242493,0.0009211354278835033,0.0009765625,0.06017255491285548,True,True
4,conv2.2.0,9,675,11,9,0.11948297172784805,0.0017637175042182207,0.10343006253242493,0.0020374560696640016,0.001953125,0.041390374457452056,True,True
4,conv2.2.0,10,-1921,12,10,0.11948297172784805,0.0009241636726073921,0.10343006253242493,0.0010675989094702176,0.0009765625,0.08527210796364829,True,True
4,conv2.2.0,11,3019,13,9,0.11948297172784805,0.0014333869330585003,0.10343006253242493,0.0016558563942084498,0.001953125,0.1795255958374662,True,True
4,conv2.2.0,12,4142,14,9,0.11948297172784805,0.0018172824056819081,0.10343006253242493,0.0020993345356582023,0.001953125,0.0696456582668285,True,True
4,conv2.2.0,13,-1855,12,9,0.11948297172784805,0.0014767458196729422,0.10343006253242493,0.0017059448162460968,0.001953125,0.14489342292901308,True,True
4,conv2.2.0,14,4243,14,9,0.11948297172784805,0.0015182346105575562,0.10343006253242493,0.0017538728935083037,0.001953125,0.11360692512507492,True,True
4,conv2.2.0,15,-1198,12,9,0.11948297172784805,0.001223500818014145,0.10343006253242493,0.0014133948106427358,0.001953125,0.3818679574122846,True,True
4,conv2.2.0,16,1938,12,8,0.11948297172784805,0.00243631680496037,0.10343006253242493,0.0028144464462244987,0.00390625,0.38792834563973505,True,True
4,conv2.2.0,17,-1265,12,9,0.11948297172784805,0.001743303146213293,0.10343006253242493,0.0020138732920786137,0.001953125,0.030164902785871157,True,True
4,conv2.2.0,18,5201,14,9,0.11948297172784805,0.0017865189583972096,0.10343006253242493,0.002063796433754644,0.001953125,0.05362516958772937,True,True
4,conv2.2.0,19,1358,12,10,0.11948297172784805,0.0007028545369394124,0.10343006253242493,0.0008119413902470996,0.0009765625,0.2027499912312649,True,True
4,conv2.2.0,20,3847,13,9,0.11948297172784805,0.0018258941126987338,0.10343006253242493,0.002109282826520903,0.001953125,0.07403361206826546,True,True
4,conv2.2.0,21,1027,12,9,0.11948297172784805,0.0017181733855977654,0.10343006253242493,0.0019848432557077918,0.001953125,0.015980231998965123,True,True
4,conv2.2.0,22,5980,14,10,0.11948297172784805,0.001173910335637629,0.10343006253242493,0.0013561076152308015,0.0009765625,0.2798783156793977,True,True
4,conv2.2.0,23,3652,13,9,0.11948297172784805,0.0013713844818994403,0.10343006253242493,0.0015842308248381054,0.001953125,0.23285380474754513,True,True
4,conv2.2.0,24,1916,12,10,0.11948297172784805,0.0008977703982964158,0.10343006253242493,0.001037109255194749,0.0009765625,0.058380305538185115,True,True
4,conv2.2.0,25,2042,12,9,0.11948297172784805,0.0014630311634391546,0.10343006253242493,0.001690101570646926,0.001953125,0.15562581203471432,True,True
4,conv2.2.0,26,-1591,12,10,0.11948297172784805,0.001186012290418148,0.10343006253242493,0.0013700878593251057,0.0009765625,0.2872263677447322,True,True
4,conv2.2.0,27,797,11,10,0.11948297172784805,0.0009322252590209246,0.10343006253242493,0.0010769116980149187,0.0009765625,0.0931823827337871,True,True
4,conv2.2.0,28,2305,13,9,0.11948297172784805,0.002360947895795107,0.10343006253242493,0.0027273798717444846,0.001953125,0.2838823002859724,True,True
4,conv2.2.0,29,1522,12,9,0.11948297172784805,0.0012292705941945314,0.10343006253242493,0.001420060087520249,0.001953125,0.37538194134489394,True,True
4,conv2.2.0,30,2609,13,10,0.11948297172784805,0.0010721494909375906,0.10343006253242493,0.0012385529330368801,0.0009765625,0.2115294599436219,True,True
4,conv2.2.0,31,869,11,9,0.11948297172784805,0.0015784724382683635,0.10343006253242493,0.0018234599602574995,0.001953125,0.07110934299000997,True,True
5,conv3.0.0,0,181,9,10,0.10343006253242493,0.0016404434572905302,0.14825761318206787,0.0011444347829888647,0.0009765625,0.1466857574447718,True,True
5,conv3.0.0,1,1472,12,10,0.10343006253242493,0.0013500741915777326,0.14825761318206787,0.0009418623102127986,0.0009765625,0.03684210463773781,True,True
5,conv3.0.0,2,247,9,10,0.10343006253242493,0.001260889694094658,0.14825761318206787,0.0008796438652128152,0.0009765625,0.11017940171018753,True,True
5,conv3.0.0,3,634,11,10,0.10343006253242493,0.0012502613244578242,0.14825761318206787,0.0008722291165698201,0.0009765625,0.1196169463368611,True,True
5,conv3.0.0,4,1194,12,10,0.10343006253242493,0.0015861395513638854,0.14825761318206787,0.0011065503447789343,0.0009765625,0.11747124330335208,True,True
5,conv3.0.0,5,-3101,13,10,0.10343006253242493,0.0010712245712056756,0.14825761318206787,0.0007473263733850145,0.0009765625,0.30674165234750184,True,True
5,conv3.0.0,6,-1041,12,10,0.10343006253242493,0.0011505120201036334,0.14825761318206787,0.000802640266692344,0.0009765625,0.21668765015289385,True,True
5,conv3.0.0,7,-3061,13,10,0.10343006253242493,0.0018644080264493823,0.14825761318206787,0.0013006808528935533,0.0009765625,0.2491913002121197,True,True
5,conv3.0.0,8,560,11,10,0.10343006253242493,0.00134983379393816,0.14825761318206787,0.0009416945998176291,0.0009765625,0.03702676025658793,True,True
5,conv3.0.0,9,293,10,10,0.10343006253242493,0.0010420926846563816,0.14825761318206787,0.0007270028784709239,0.0009765625,0.3432718479106506,True,True
5,conv3.0.0,10,4375,14,10,0.10343006253242493,0.0013633259804919362,0.14825761318206787,0.0009511072543788656,0.0009765625,0.026763801352517616,True,True
5,conv3.0.0,11,-320,10,10,0.10343006253242493,0.0010617740917950869,0.14825761318206787,0.0007407333650705059,0.0009765625,0.31837250223911134,True,True
5,conv3.0.0,12,62,7,10,0.10343006253242493,0.0011923267738893628,0.14825761318206787,0.0008318118047065487,0.0009765625,0.1740185634231499,True,True
5,conv3.0.0,13,-895,11,11,0.10343006253242493,0.0009518099832348526,0.14825761318206787,0.0006640182852807074,0.00048828125,0.2646569216183802,True,True
5,conv3.0.0,14,-57,7,10,0.10343006253242493,0.0010131883900612593,0.14825761318206787,0.0007068381602263518,0.0009765625,0.3815927817016472,True,True
5,conv3.0.0,15,757,11,10,0.10343006253242493,0.0015101141761988401,0.14825761318206787,0.0010535121962575822,0.0009765625,0.07304110624531211,True,True
5,conv3.0.0,16,5500,14,10,0.10343006253242493,0.0017193604726344347,0.14825761318206787,0.0011994902479778265,0.0009765625,0.18585207203947815,True,True
5,conv3.0.0,17,1564,12,10,0.10343006253242493,0.0015979564050212502,0.14825761318206787,0.0011147942243779996,0.0009765625,0.12399752470472844,True,True
5,conv3.0.0,18,6457,14,10,0.10343006253242493,0.001285198493860662,0.14825761318206787,0.0008966025941841117,0.0009765625,0.08918098869505287,True,True
5,conv3.0.0,19,-1763,12,11,0.10343006253242493,0.000897866440936923,0.14825761318206787,0.0006263852502321559,0.00048828125,0.22047773344115412,True,True
5,conv3.0.0,20,-1488,12,10,0.10343006253242493,0.001137440325692296,0.14825761318206787,0.0007935209631952005,0.0009765625,0.23067007085453972,True,True
5,conv3.0.0,21,-680,11,10,0.10343006253242493,0.0015102913603186607,0.14825761318206787,0.0010536358065343125,0.0009765625,0.07314985506028596,True,True
5,conv3.0.0,22,3978,13,10,0.10343006253242493,0.0014144444139674306,0.14825761318206787,0.0009867693877253472,0.0009765625,0.010343741762070329,True,True
5,conv3.0.0,23,119,8,10,0.10343006253242493,0.0015049059875309467,0.14825761318206787,0.0010498787688197658,0.0009765625,0.06983308073005919,True,True
5,conv3.0.0,24,174,9,10,0.10343006253242493,0.001803866121917963,0.14825761318206787,0.0012584445532721172,0.0009765625,0.22399242981280956,True,True
5,conv3.0.0,25,3777,13,10,0.10343006253242493,0.0011671367101371288,0.14825761318206787,0.0008142382729791105,0.0009765625,0.19935715675336968,True,True
5,conv3.0.0,26,-3747,13,11,0.10343006253242493,0.0009139108005911112,0.14825761318206787,0.0006375783963155715,0.00048828125,0.2341628059832761,True,True
5,conv3.0.0,27,-289,10,10,0.10343006253242493,0.0018494180403649807,0.14825761318206787,0.0012902232772939392,0.0009765625,0.243105811849712,True,True
5,conv3.0.0,28,-386,10,9,0.10343006253242493,0.0024113256949931383,0.14825761318206787,0.0016822310980610692,0.001953125,0.16103251345856207,True,True
5,conv3.0.0,29,-1381,12,10,0.10343006253242493,0.0012295732740312815,0.14825761318206787,0.0008577963579184074,0.0009765625,0.13845493861713207,True,True
5,conv3.0.0,30,3257,13,10,0.10343006253242493,0.0012441306607797742,0.14825761318206787,0.0008679521360224045,0.0009765625,0.12513404768531153,True,True
5,conv3.0.0,31,-2741,13,10,0.10343006253242493,0.001076928456313908,0.14825761318206787,0.0007513056172211996,0.0009765625,0.29982057582897087,True,True
5,conv3.0.0,32,1248,12,10,0.10343006253242493,0.0018893714295700192,0.14825761318206787,0.0013180962576769747,0.0009765625,0.2591113931837551,True,True
5,conv3.0.0,33,-90,8,9,0.10343006253242493,0.0019991332665085793,0.14825761318206787,0.0013946702252093362,0.001953125,0.4004206619574468,True,True
5,conv3.0.0,34,1364,12,9,0.10343006253242493,0.0022467595990747213,0.14825761318206787,0.0015674236272928993,0.001953125,0.24607347113507935,True,True
5,conv3.0.0,35,-702,11,10,0.10343006253242493,0.0013285356108099222,0.14825761318206787,0.0009268361897468058,0.0009765625,0.05365167092447961,True,True
5,conv3.0.0,36,-2062,13,10,0.10343006253242493,0.0014695300487801433,0.14825761318206787,0.001025199189278407,0.0009765625,0.04744120926650389,True,True
5,conv3.0.0,37,212,9,10,0.10343006253242493,0.0012471185764297843,0.14825761318206787,0.0008700366178637695,0.0009765625,0.12243838931490851,True,True
5,conv3.0.0,38,-853,11,10,0.10343006253242493,0.0010548169957473874,0.14825761318206787,0.0007358798343558708,0.0009765625,0.32706789126081054,True,True
5,conv3.0.0,39,494,10,10,0.10343006253242493,0.0014872042229399085,0.14825761318206787,0.0010375293549900902,0.0009765625,0.05876157112747187,True,True
5,conv3.0.0,40,-236,9,10,0.10343006253242493,0.0011525658192113042,0.14825761318206787,0.0008040730738553364,0.0009765625,0.21451959001390056,True,True
5,conv3.0.0,41,-688,11,10,0.10343006253242493,0.001636523986235261,0.14825761318206787,0.001141700413214257,0.0009765625,0.14464207186309072,True,True
5,conv3.0.0,42,-109,8,10,0.10343006253242493,0.0018188714748248458,0.14825761318206787,0.0012689128493425122,0.0009765625,0.23039434859060154,True,True
5,conv3.0.0,43,982,11,10,0.10343006253242493,0.001278518233448267,0.14825761318206787,0.0008919421943749066,0.0009765625,0.09487196161226255,True,True
5,conv3.0.0,44,-3329,13,10,0.10343006253242493,0.0013925157254561782,0.14825761318206787,0.0009714711134897598,0.0009765625,0.00524090365584901,True,True
5,conv3.0.0,45,-1279,12,10,0.10343006253242493,0.001426069182343781,0.14825761318206787,0.0009948792614396524,0.0009765625,0.0184110395598627,True,True
5,conv3.0.0,46,-841,11,10,0.10343006253242493,0.0012515155831351876,0.14825761318206787,0.0008731041343894596,0.0009765625,0.11849487539408607,True,True
5,conv3.0.0,47,756,11,11,0.10343006253242493,0.0007078084745444357,0.14825761318206787,0.0004937936960660989,0.00048828125,0.011163459780906233,True,True
5,conv3.0.0,48,-456,10,10,0.10343006253242493,0.0010320065775886178,0.14825761318206787,0.0007199664325013908,0.0009765625,0.35640004299521777,True,True
5,conv3.0.0,49,325,10,10,0.10343006253242493,0.0012652389705181122,0.14825761318206787,0.0008826780833065345,0.0009765625,0.10636314469457772,True,True
5,conv3.0.0,50,-105,8,9,0.10343006253242493,0.0021889712661504745,0.14825761318206787,0.001527108322333421,0.001953125,0.27896952130784397,True,True
5,conv3.0.0,51,4714,14,10,0.10343006253242493,0.0011346652172505856,0.14825761318206787,0.000791584943631012,0.0009765625,0.23367998325043068,True,True
5,conv3.0.0,52,33,7,10,0.10343006253242493,0.0018057944253087044,0.14825761318206787,0.001259789809923733,0.0009765625,0.22482108340031692,True,True
5,conv3.0.0,53,-960,11,10,0.10343006253242493,0.00101772032212466,0.14825761318206787,0.0007099998057341249,0.0009765625,0.3754405171847263,True,True
5,conv3.0.0,54,3749,13,10,0.10343006253242493,0.0012971750693395734,0.14825761318206787,0.0009049579017067471,0.0009765625,0.07912478376972774,True,True
5,conv3.0.0,55,218,9,9,0.10343006253242493,0.0023671388626098633,0.14825761318206787,0.001651404709193609,0.001953125,0.1827052382294119,True,True
5,conv3.0.0,56,643,11,10,0.10343006253242493,0.0010524694807827473,0.14825761318206787,0.000734242120012727,0.0009765625,0.3300278932282892,True,True
5,conv3.0.0,57,-262,10,10,0.10343006253242493,0.001372156199067831,0.14825761318206787,0.0009572675455091308,0.0009765625,0.02015628188941365,True,True
5,conv3.0.0,58,-1043,12,10,0.10343006253242493,0.0017533828504383564,0.14825761318206787,0.001223225532717909,0.0009765625,0.2016496763028184,True,True
5,conv3.0.0,59,636,11,10,0.10343006253242493,0.0019074252340942621,0.14825761318206787,0.0013306912677463563,0.0009765625,0.2661239134349358,True,True
5,conv3.0.0,60,-59,7,10,0.10343006253242493,0.001585378311574459,0.14825761318206787,0.0011060192753968457,0.0009765625,0.11704748576863266,True,True
5,conv3.0.0,61,4408,14,11,0.10343006253242493,0.0008907932788133621,0.14825761318206787,0.0006214507474768508,0.00048828125,0.21428809606800156,True,True
5,conv3.0.0,62,2326,13,11,0.10343006253242493,0.0008501351694576442,0.14825761318206787,0.0005930861279281212,0.00048828125,0.17671105930979208,True,True
5,conv3.0.0,63,626,11,9,0.10343006253242493,0.0020450474694371223,0.14825761318206787,0.0014267016924513845,0.001953125,0.3689792409540817,True,True
6,conv3.1.0,0,3659,13,9,0.14825761318206787,0.0006687765708193183,0.06905422359704971,0.001435845817633615,0.001953125,0.3602609528221499,True,True
6,conv3.1.0,1,-448,10,9,0.14825761318206787,0.0007548684370703995,0.06905422359704971,0.001620682804278418,0.001953125,0.20512477509107427,True,True
6,conv3.1.0,2,363,10,9,0.14825761318206787,0.0007011680863797665,0.06905422359704971,0.0015053895549199036,0.001953125,0.2974216498426009,True,True
6,conv3.1.0,3,4456,14,10,0.14825761318206787,0.0005495790392160416,0.06905422359704971,0.001179931832765484,0.0009765625,0.1723568490298578,True,True
6,conv3.1.0,4,1196,12,10,0.14825761318206787,0.0005145870964042842,0.06905422359704971,0.0011048050461383992,0.0009765625,0.11607708218444747,True,True
6,conv3.1.0,5,-1595,12,10,0.14825761318206787,0.0005674767890013754,0.06905422359704971,0.0012183578337583737,0.0009765625,0.19846003124754144,True,True
6,conv3.1.0,6,3186,13,8,0.14825761318206787,0.0015917139826342463,0.06905422359704971,0.0034173683178440515,0.00390625,0.1430579430385701,True,True
6,conv3.1.0,7,-413,10,10,0.14825761318206787,0.0005440976237878203,0.06905422359704971,0.001168163377109686,0.0009765625,0.16401890425956694,True,True
6,conv3.1.0,8,-2451,13,9,0.14825761318206787,0.0006647701375186443,0.06905422359704971,0.0014272441100538276,0.001953125,0.3684589666489071,True,True
6,conv3.1.0,9,2544,13,9,0.14825761318206787,0.0008154154056683183,0.06905422359704971,0.001750675563332776,0.001953125,0.11564075086637944,True,True
6,conv3.1.0,10,2810,13,10,0.14825761318206787,0.0005794520839117467,0.06905422359704971,0.0012440684789308274,0.0009765625,0.21502512398732773,True,True
6,conv3.1.0,11,3383,13,9,0.14825761318206787,0.0007328336942009628,0.06905422359704971,0.00157337478726318,0.001953125,0.24136030131598823,True,True
6,conv3.1.0,12,1317,12,10,0.14825761318206787,0.0005877591902390122,0.06905422359704971,0.0012619036190913585,0.0009765625,0.2261195821728605,True,True
6,conv3.1.0,13,-630,11,10,0.14825761318206787,0.0006345000583678484,0.06905422359704971,0.0013622550412907546,0.0009765625,0.2831279970344656,True,True
6,conv3.1.0,14,6079,14,10,0.14825761318206787,0.0005209756200201809,0.06905422359704971,0.0011185210393639111,0.0009765625,0.1269162888921975,True,True
6,conv3.1.0,15,-2825,13,10,0.14825761318206787,0.0004971474991180003,0.06905422359704971,0.0010673626865861676,0.0009765625,0.08506966537923594,True,True
6,conv3.1.0,16,2724,13,9,0.14825761318206787,0.0007261902210302651,0.06905422359704971,0.001559111424007166,0.001953125,0.252716752584723,True,True
6,conv3.1.0,17,3990,13,9,0.14825761318206787,0.0009014814859256148,0.06905422359704971,0.001935457188122896,0.001953125,0.00912849531651959,True,True
6,conv3.1.0,18,2511,13,9,0.14825761318206787,0.0007893399451859295,0.06905422359704971,0.001694692231215384,0.001953125,0.15249539947396565,True,True
6,conv3.1.0,19,3049,13,9,0.14825761318206787,0.0007784055196680129,0.06905422359704971,0.001671216305423168,0.001953125,0.16868474395685723,True,True
6,conv3.1.0,20,-170,9,9,0.14825761318206787,0.0006560390465892851,0.06905422359704971,0.0014084986860343515,0.001953125,0.3866715101446433,True,True
6,conv3.1.0,21,735,11,10,0.14825761318206787,0.0006097882869653404,0.06905422359704971,0.0013091995139849165,0.0009765625,0.25407664029177823,True,True
6,conv3.1.0,22,214,9,10,0.14825761318206787,0.0005225907661952078,0.06905422359704971,0.0011219887159863713,0.0009765625,0.12961468677385324,True,True
6,conv3.1.0,23,2480,13,9,0.14825761318206787,0.0006502180476672947,0.06905422359704971,0.001396001153493177,0.001953125,0.39908552017507054,True,True
6,conv3.1.0,24,1043,12,8,0.14825761318206787,0.0014093799982219934,0.06905422359704971,0.003025902019002167,0.00390625,0.2909373718875867,True,True
6,conv3.1.0,25,-3296,13,10,0.14825761318206787,0.0004986660205759108,0.06905422359704971,0.0010706229124664741,0.0009765625,0.08785578131312372,True,True
6,conv3.1.0,26,1344,12,10,0.14825761318206787,0.0005571541259996593,0.06905422359704971,0.00119619534609871,0.0009765625,0.1836095139602607,True,True
6,conv3.1.0,27,4893,14,10,0.14825761318206787,0.000634612690191716,0.06905422359704971,0.001362496858872723,0.0009765625,0.2832552283401447,True,True
6,conv3.1.0,28,-1607,12,9,0.14825761318206787,0.0007054706220515072,0.06905422359704971,0.0015146269865510984,0.001953125,0.2895089136417603,True,True
6,conv3.1.0,29,451,10,9,0.14825761318206787,0.0006886548944748938,0.06905422359704971,0.0014785240589593514,0.001953125,0.3209964275959723,True,True
6,conv3.1.0,30,2825,13,9,0.14825761318206787,0.0009976489236578345,0.06905422359704971,0.0021419261633909515,0.001953125,0.08814550502154304,True,True
6,conv3.1.0,31,1969,12,10,0.14825761318206787,0.000513605831656605,0.06905422359704971,0.0011026982963725986,0.0009765625,0.11438831164202477,True,True
6,conv3.1.0,32,5741,14,9,0.14825761318206787,0.0006561173941008747,0.06905422359704971,0.0014086668960939534,0.001953125,0.3865059265719644,True,True
6,conv3.1.0,33,4324,14,9,0.14825761318206787,0.0007584921550005674,0.06905422359704971,0.001628462831960819,0.001953125,0.1993672570642941,True,True
6,conv3.1.0,34,-677,11,9,0.14825761318206787,0.0008961248677223921,0.06905422359704971,0.0019239566688473255,0.001953125,0.015160596714555807,True,True
6,conv3.1.0,35,5728,14,10,0.14825761318206787,0.0006260473746806383,0.06905422359704971,0.0013441073503434,0.0009765625,0.27344902938704835,True,True
6,conv3.1.0,36,-2747,13,10,0.14825761318206787,0.0005311278509907424,0.06905422359704971,0.0011403176139072938,0.0009765625,0.14360482720791054,True,True
6,conv3.1.0,37,2038,12,9,0.14825761318206787,0.0008448778535239398,0.06905422359704971,0.0018139306688142924,0.001953125,0.07673630176653576,True,True
6,conv3.1.0,38,1928,12,9,0.14825761318206787,0.0008356557809747756,0.06905422359704971,0.0017941311200899564,0.001953125,0.08861887413338648,True,True
6,conv3.1.0,39,4585,14,9,0.14825761318206787,0.0008054858190007508,0.06905422359704971,0.0017293570002886332,0.001953125,0.12939375714442966,True,True
6,conv3.1.0,40,872,11,9,0.14825761318206787,0.0007031700224615633,0.06905422359704971,0.001509687659362612,0.001953125,0.2937278700579738,True,True
6,conv3.1.0,41,982,11,9,0.14825761318206787,0.0008390845032408834,0.06905422359704971,0.001801492497178252,0.001953125,0.08417048811430299,True,True
6,conv3.1.0,42,5409,14,9,0.14825761318206787,0.0008312976569868624,0.06905422359704971,0.00178477434179686,0.001953125,0.0943260188476541,True,True
6,conv3.1.0,43,5452,14,9,0.14825761318206787,0.0008964926819317043,0.06905422359704971,0.0019247463563411026,0.001953125,0.014744095275413063,True,True
6,conv3.1.0,44,-508,10,10,0.14825761318206787,0.0005095424130558968,0.06905422359704971,0.0010939742428430711,0.0009765625,0.10732587500226333,True,True
6,conv3.1.0,45,3613,13,10,0.14825761318206787,0.00048554257955402136,0.06905422359704971,0.0010424472276018616,0.0009765625,0.06320197882191951,True,True
6,conv3.1.0,46,6082,14,10,0.14825761318206787,0.000591535703279078,0.06905422359704971,0.001270011693881081,0.0009765625,0.23106022983482738,True,True
6,conv3.1.0,47,2699,13,9,0.14825761318206787,0.0009323596023023129,0.06905422359704971,0.0020017516969176186,0.001953125,0.024292072284737443,True,True
6,conv3.1.0,48,-626,11,10,0.14825761318206787,0.00053963134996593,0.06905422359704971,0.001158574403949769,0.0009765625,0.15709988355453106,True,True
6,conv3.1.0,49,-927,11,10,0.14825761318206787,0.0006185631500557065,0.06905422359704971,0.0013280389156899947,0.0009765625,0.2646582201300795,True,True
6,conv3.1.0,50,3513,13,10,0.14825761318206787,0.0004884849186055362,0.06905422359704971,0.0010487643526410984,0.0009765625,0.0688446860910869,True,True
6,conv3.1.0,51,-6428,14,10,0.14825761318206787,0.0004077393969055265,0.06905422359704971,0.000875405828009221,0.0009765625,0.11555403077544225,True,True
6,conv3.1.0,52,3108,13,10,0.14825761318206787,0.0005719051114283502,0.06905422359704971,0.0012278653262653484,0.0009765625,0.20466644092777359,True,True
6,conv3.1.0,53,5917,14,10,0.14825761318206787,0.00063421978848055,0.06905422359704971,0.001361653309168182,0.0009765625,0.2828112020698054,True,True
6,conv3.1.0,54,-279,10,10,0.14825761318206787,0.0004843251663260162,0.06905422359704971,0.00103983347322105,0.0009765625,0.06084721722321371,True,True
6,conv3.1.0,55,1817,12,10,0.14825761318206787,0.0006317290826700628,0.06905422359704971,0.0013563058288930242,0.0009765625,0.2799835559233416,True,True
6,conv3.1.0,56,2207,13,10,0.14825761318206787,0.0004905243986286223,0.06905422359704971,0.0010531430629444629,0.0009765625,0.07271620128261846,True,True
6,conv3.1.0,57,2233,13,10,0.14825761318206787,0.0006253859610296786,0.06905422359704971,0.0013426873125222593,0.0009765625,0.27268062273895183,True,True
6,conv3.1.0,58,3674,13,9,0.14825761318206787,0.0006863388698548079,0.06905422359704971,0.0014735516146343166,0.001953125,0.3254540801984032,True,True
6,conv3.1.0,59,4382,14,10,0.14825761318206787,0.0005012854235246778,0.06905422359704971,0.0010762467021337414,0.0009765625,0.09262207441482505,True,True
6,conv3.1.0,60,5345,14,10,0.14825761318206787,0.0004944363026879728,0.06905422359704971,0.0010615418187138541,0.0009765625,0.08005272822583064,True,True
6,conv3.1.0,61,3870,13,9,0.14825761318206787,0.0006767059094272554,0.06905422359704971,0.0014528699003745207,0.001953125,0.3443220205033662,True,True
6,conv3.1.0,62,-2849,13,10,0.14825761318206787,0.0006001476431265473,0.06905422359704971,0.0012885013036420094,0.0009765625,0.24209428640879113,True,True
6,conv3.1.0,63,1804,12,10,0.14825761318206787,0.0005550512578338385,0.06905422359704971,0.0011916805431096795,0.0009765625,0.18051653553756186,True,True
7,conv3.2.0,0,7056,14,11,0.06905422359704971,0.0010342855239287019,0.10602833330631256,0.0006736103606026606,0.00048828125,0.2751280583583242,True,True
7,conv3.2.0,1,4693,14,10,0.06905422359704971,0.001293684123083949,0.10602833330631256,0.0008425517021125667,0.0009765625,0.15905350087291037,True,True
7,conv3.2.0,2,-1473,12,10,0.06905422359704971,0.0011587635381147265,0.10602833330631256,0.0007546805081422401,0.0009765625,0.29400784764397314,True,True
7,conv3.2.0,3,3417,13,10,0.06905422359704971,0.001392190926708281,0.10602833330631256,0.0009067072974255066,0.0009765625,0.07704272676842833,True,True
7,conv3.2.0,4,652,11,11,0.06905422359704971,0.000995806884020567,0.10602833330631256,0.0006485499590942223,0.00048828125,0.24711852471328002,True,True
7,conv3.2.0,5,-1340,12,10,0.06905422359704971,0.001455464749597013,0.10602833330631256,0.0009479163269117645,0.0009765625,0.030220149474123336,True,True
7,conv3.2.0,6,-538,11,10,0.06905422359704971,0.0017675829585641623,0.10602833330631256,0.0011511929409887022,0.0009765625,0.151695197886395,True,True
7,conv3.2.0,7,-988,11,10,0.06905422359704971,0.001414715894497931,0.10602833330631256,0.0009213773777121523,0.0009765625,0.05989415805375691,True,True
7,conv3.2.0,8,3135,13,11,0.06905422359704971,0.001044421806000173,0.10602833330631256,0.0006802119270592793,0.00048828125,0.2821630574592275,True,True
7,conv3.2.0,9,3523,13,10,0.06905422359704971,0.0014801749493926764,0.10602833330631256,0.0009640096069682182,0.0009765625,0.01302154350023568,True,True
7,conv3.2.0,10,1078,12,10,0.06905422359704971,0.0013838153099641204,0.10602833330631256,0.0009012524185890774,0.0009765625,0.08356158591931605,True,True
7,conv3.2.0,11,1803,12,11,0.06905422359704971,0.001029551844112575,0.10602833330631256,0.0006705274055635079,0.00048828125,0.27179523767615305,True,True
7,conv3.2.0,12,-5350,14,10,0.06905422359704971,0.0011282471241429448,0.10602833330631256,0.0007348057519513674,0.0009765625,0.32900769680506403,True,True
7,conv3.2.0,13,-2665,13,10,0.06905422359704971,0.0014667181530967355,0.10602833330631256,0.0009552454531675989,0.0009765625,0.022315779427908987,True,True
7,conv3.2.0,14,-1511,12,10,0.06905422359704971,0.0014353356091305614,0.10602833330631256,0.0009348066030932159,0.0009765625,0.04466795246055863,True,True
7,conv3.2.0,15,6115,14,10,0.06905422359704971,0.001281590317375958,0.10602833330631256,0.0008346752379877725,0.0009765625,0.16999098038931648,True,True
7,conv3.2.0,16,4223,14,10,0.06905422359704971,0.001141841639764607,0.10602833330631256,0.0007436595997122277,0.0009765625,0.3131848232415721,True,True
7,conv3.2.0,17,-4245,14,10,0.06905422359704971,0.0010924623347818851,0.10602833330631256,0.0007114998037311589,0.0009765625,0.3725407862079965,True,True
7,conv3.2.0,18,-4148,14,10,0.06905422359704971,0.001094091683626175,0.10602833330631256,0.0007125609674399774,0.0009765625,0.3704967639590233,True,True
7,conv3.2.0,19,6402,14,11,0.06905422359704971,0.001059220521710813,0.10602833330631256,0.0006898500472839878,0.00048828125,0.2921921917343999,True,True
7,conv3.2.0,20,-3573,13,10,0.06905422359704971,0.0011732314014807343,0.10602833330631256,0.0007641031505689733,0.0009765625,0.2780506130262953,True,True
7,conv3.2.0,21,5934,14,9,0.06905422359704971,0.00249298382550478,0.10602833330631256,0.0016236326380128635,0.001953125,0.20293529107076622,True,True
7,conv3.2.0,22,-10047,15,11,0.06905422359704971,0.0007659783004783094,0.10602833330631256,0.0004988670026426623,0.00048828125,0.0212195887613053,True,True
7,conv3.2.0,23,2162,13,11,0.06905422359704971,0.0010199679527431726,0.10602833330631256,0.0006642856005957677,0.00048828125,0.2649528311887498,True,True
7,conv3.2.0,24,-2783,13,11,0.06905422359704971,0.0010368983494117856,0.10602833330631256,0.0006753120438179167,0.00048828125,0.27695462494719775,True,True
7,conv3.2.0,25,-123,8,10,0.06905422359704971,0.0011391915613785386,0.10602833330631256,0.000741933654394455,0.0009765625,0.3162396586485112,True,True
7,conv3.2.0,26,1892,12,10,0.06905422359704971,0.001461923005990684,0.10602833330631256,0.0009521224656592938,0.0009765625,0.025669002908972203,True,True
7,conv3.2.0,27,-1497,12,10,0.06905422359704971,0.0014155268436297774,0.10602833330631256,0.0009219055333563098,0.0009765625,0.059286949330594405,True,True
7,conv3.2.0,28,4517,14,10,0.06905422359704971,0.0013891503913328052,0.10602833330631256,0.000904727054945732,0.0009765625,0.07940012920092995,True,True
7,conv3.2.0,29,-1162,12,10,0.06905422359704971,0.0011217368301004171,0.10602833330631256,0.0007305657220793853,0.0009765625,0.336720941711366,True,True
7,conv3.2.0,30,-372,10,10,0.06905422359704971,0.0017252503894269466,0.10602833330631256,0.0011236225491558542,0.0009765625,0.13088029362381184,True,True
7,conv3.2.0,31,3635,13,10,0.06905422359704971,0.0015183164505288005,0.10602833330631256,0.0009888504364488815,0.0009765625,0.01242648634813714,True,True
7,conv3.2.0,32,-4362,14,10,0.06905422359704971,0.0010845933575183153,0.10602833330631256,0.000706374889488955,0.0009765625,0.3824988890906345,True,True
7,conv3.2.0,33,4216,14,10,0.06905422359704971,0.001194883487187326,0.10602833330631256,0.0007782047394660275,0.0009765625,0.2548914835317985,True,True
7,conv3.2.0,34,647,11,10,0.06905422359704971,0.0015105361817404628,0.10602833330631256,0.0009837832963382953,0.0009765625,0.007339824090499955,True,True
7,conv3.2.0,35,-8319,15,10,0.06905422359704971,0.0012862690491601825,0.10602833330631256,0.0008377224064257133,0.0009765625,0.165735203582141,True,True
7,conv3.2.0,36,2465,13,10,0.06905422359704971,0.001237601856701076,0.10602833330631256,0.0008060263956980628,0.0009765625,0.21157632704353763,True,True
7,conv3.2.0,37,-1519,12,10,0.06905422359704971,0.001272503286600113,0.10602833330631256,0.0008287570288123472,0.0009765625,0.17834596395455718,True,True
7,conv3.2.0,38,3635,13,10,0.06905422359704971,0.001769674476236105,0.10602833330631256,0.001152555106406867,0.0009765625,0.15269778028707925,True,True
7,conv3.2.0,39,-1901,12,10,0.06905422359704971,0.0014279935276135802,0.10602833330631256,0.0009300248459634809,0.0009765625,0.05003915136085136,True,True
7,conv3.2.0,40,2101,13,10,0.06905422359704971,0.0013245472218841314,0.10602833330631256,0.0008626522474949844,0.0009765625,0.13204654927381726,True,True
7,conv3.2.0,41,5880,14,10,0.06905422359704971,0.0019284723093733191,0.10602833330631256,0.0012559770949851909,0.0009765625,0.22246790654130952,True,True
7,conv3.2.0,42,2848,13,11,0.06905422359704971,0.0010516807669773698,0.10602833330631256,0.0006849395493727741,0.00048828125,0.2871177457234902,True,True
7,conv3.2.0,43,6963,14,10,0.06905422359704971,0.0013845284702256322,0.10602833330631256,0.000901716886214129,0.0009765625,0.08300345144928069,True,True
7,conv3.2.0,44,4261,14,10,0.06905422359704971,0.001697714440524578,0.10602833330631256,0.001105688912804448,0.0009765625,0.11678367333623184,True,True
7,conv3.2.0,45,919,11,10,0.06905422359704971,0.001771843177266419,0.10602833330631256,0.0011539675398686833,0.0009765625,0.15373486145794987,True,True
7,conv3.2.0,46,1729,12,10,0.06905422359704971,0.0012647768016904593,0.10602833330631256,0.0008237249171122693,0.0009765625,0.1855444453756881,True,True
7,conv3.2.0,47,5385,14,10,0.06905422359704971,0.0012705480912700295,0.10602833330631256,0.000827483647525579,0.0009765625,0.18015927314118035,True,True
7,conv3.2.0,48,-3842,13,10,0.06905422359704971,0.001244308426976204,0.10602833330631256,0.0008103942565226792,0.0009765625,0.2050461761542242,True,True
7,conv3.2.0,49,-2012,12,10,0.06905422359704971,0.0011352483415976167,0.10602833330631256,0.0007393655108430758,0.0009765625,0.32081154135314716,True,True
7,conv3.2.0,50,3852,13,10,0.06905422359704971,0.0013075977331027389,0.10602833330631256,0.0008516133699452955,0.0009765625,0.14672048897345372,True,True
7,conv3.2.0,51,-1002,11,10,0.06905422359704971,0.0014881282113492489,0.10602833330631256,0.0009691894142173658,0.0009765625,0.007607476592785626,True,True
7,conv3.2.0,52,947,11,10,0.06905422359704971,0.0014296616427600384,0.10602833330631256,0.0009311112574227308,0.0009765625,0.04881397600441,True,True
7,conv3.2.0,53,-6128,14,10,0.06905422359704971,0.0012097081635147333,0.10602833330631256,0.0007878597673434272,0.0009765625,0.23951309671879395,True,True
7,conv3.2.0,54,811,11,10,0.06905422359704971,0.0016395014245063066,0.10602833330631256,0.0010677758899450664,0.0009765625,0.0854237212171545,True,True
7,conv3.2.0,55,1482,12,10,0.06905422359704971,0.0011541004059836268,0.10602833330631256,0.0007516434994597281,0.0009765625,0.2992362745130382,True,True
7,conv3.2.0,56,2635,13,10,0.06905422359704971,0.0014397918712347746,0.10602833330631256,0.0009377088812876906,0.0009765625,0.04143462804677121,True,True
7,conv3.2.0,57,3407,13,10,0.06905422359704971,0.0014513022033497691,0.10602833330631256,0.000945205340231819,0.0009765625,0.03317497101792758,True,True
7,conv3.2.0,58,2143,13,10,0.06905422359704971,0.0015514330007135868,0.10602833330631256,0.0010104186115763407,0.0009765625,0.033507015001952724,True,True
7,conv3.2.0,59,-8478,15,11,0.06905422359704971,0.0009814533405005932,0.10602833330631256,0.0006392017709945869,0.00048828125,0.23610779544580607,True,True
7,conv3.2.0,60,3637,13,10,0.06905422359704971,0.0011454563355073333,0.10602833330631256,0.0007460137818470388,0.0009765625,0.30904082975806524,True,True
7,conv3.2.0,61,2307,13,10,0.06905422359704971,0.0015104113845154643,0.10602833330631256,0.000983702018294865,0.0009765625,0.007257805882354942,True,True
7,conv3.2.0,62,-1504,12,11,0.06905422359704971,0.0009097708971239626,0.10602833330631256,0.0005925163679654515,0.00048828125,0.17591938991216058,True,True
7,conv3.2.0,63,4883,14,10,0.06905422359704971,0.0011997451074421406,0.10602833330631256,0.0007813710196635106,0.0009765625,0.24980639852825176,True,True
8,conv4.0.0,0,-133,9,10,0.10602833330631256,0.0015059239231050014,0.1993330866098404,0.0008010240867109741,0.0009765625,0.21914249047090606,True,True
8,conv4.0.0,1,-229,9,10,0.10602833330631256,0.0017817659536376595,0.1993330866098404,0.000947748703535138,0.0009765625,0.03040235914582151,True,True
8,conv4.0.0,2,-1004,11,10,0.10602833330631256,0.0018153268611058593,0.1993330866098404,0.0009656002661814616,0.0009765625,0.01135276594515595,True,True
8,conv4.0.0,3,-404,10,10,0.10602833330631256,0.0015394029906019568,0.1993330866098404,0.0008188321174183884,0.0009765625,0.19262847563784322,True,True
8,conv4.0.0,4,3686,13,11,0.10602833330631256,0.0010729484492912889,0.1993330866098404,0.0005707177756426307,0.00048828125,0.1444435921937193,True,True
8,conv4.0.0,5,3392,13,10,0.10602833330631256,0.0014230250380933285,0.1993330866098404,0.0007569288952892735,0.0009765625,0.29016411723427427,True,True
8,conv4.0.0,6,619,11,10,0.10602833330631256,0.0013771152589470148,0.1993330866098404,0.0007325087779463243,0.0009765625,0.33317515011616566,True,True
8,conv4.0.0,7,216,9,10,0.10602833330631256,0.001854433910921216,0.1993330866098404,0.0009864019072083985,0.0009765625,0.009975048848237588,True,True
8,conv4.0.0,8,717,11,10,0.10602833330631256,0.0013495387975126505,0.1993330866098404,0.000717840434150021,0.0009765625,0.36041723695367767,True,True
8,conv4.0.0,9,-508,10,10,0.10602833330631256,0.0017457861686125398,0.1993330866098404,0.0009286105027285663,0.0009765625,0.051638439507775094,True,True
8,conv4.0.0,10,1214,12,10,0.10602833330631256,0.0020988855976611376,0.1993330866098404,0.001116429517575373,0.0009765625,0.1252806517326161,True,True
8,conv4.0.0,11,1866,12,10,0.10602833330631256,0.0015711511950939894,0.1993330866098404,0.0008357194754832688,0.0009765625,0.1685290682442052,True,True
8,conv4.0.0,12,1316,12,11,0.10602833330631256,0.0008879185770638287,0.1993330866098404,0.0004722975419633261,0.00048828125,0.03384245442021597,True,True
8,conv4.0.0,13,2,3,10,0.10602833330631256,0.0015623116632923484,0.1993330866098404,0.0008310175926193838,0.0009765625,0.1751405850769727,True,True
8,conv4.0.0,14,735,11,10,0.10602833330631256,0.0015612285351380706,0.1993330866098404,0.0008304414601021564,0.0009765625,0.17595585832127003,True,True
8,conv4.0.0,15,-252,9,10,0.10602833330631256,0.0014671063981950283,0.1993330866098404,0.0007803764484323546,0.0009765625,0.2513992470707571,True,True
8,conv4.0.0,16,-1265,12,10,0.10602833330631256,0.0013457696186378598,0.1993330866098404,0.0007158355499593214,0.0009765625,0.3642274403045432,True,True
8,conv4.0.0,17,1453,12,10,0.10602833330631256,0.0019793857354670763,0.1993330866098404,0.0010528657036884671,0.0009765625,0.072471924407032,True,True
8,conv4.0.0,18,332,10,10,0.10602833330631256,0.0018993280827999115,0.1993330866098404,0.0010102818074317977,0.0009765625,0.03337614038355728,True,True
8,conv4.0.0,19,-195,9,10,0.10602833330631256,0.0022290912456810474,0.1993330866098404,0.0011856879035333512,0.0009765625,0.17637474660081903,True,True
8,conv4.0.0,20,552,11,10,0.10602833330631256,0.001446588197723031,0.1993330866098404,0.0007694625021553432,0.0009765625,0.269148915333169,True,True
8,conv4.0.0,21,543,11,10,0.10602833330631256,0.001819469267502427,0.1993330866098404,0.0009678036758289788,0.0009765625,0.009050207588350817,True,True
8,conv4.0.0,22,-591,11,10,0.10602833330631256,0.0022154038306325674,0.1993330866098404,0.001178407357039318,0.0009765625,0.17128614806550585,True,True
8,conv4.0.0,23,5483,14,11,0.10602833330631256,0.0012452693190425634,0.1993330866098404,0.0006623778955171797,0.00048828125,0.2628358323782021,True,True
8,conv4.0.0,24,557,11,10,0.10602833330631256,0.0019618477672338486,0.1993330866098404,0.001043536988757223,0.0009765625,0.06418027293597407,True,True
8,conv4.0.0,25,-1469,12,11,0.10602833330631256,0.0011826187837868929,0.1993330866098404,0.0006290531126279793,0.00048828125,0.2237837470350957,True,True
8,conv4.0.0,26,1590,12,11,0.10602833330631256,0.0011724940268322825,0.1993330866098404,0.0006236675987462319,0.00048828125,0.21708094026112798,True,True
8,conv4.0.0,27,6,4,10,0.10602833330631256,0.0014368253760039806,0.1993330866098404,0.0007642695071897673,0.0009765625,0.27777242296482274,True,True
8,conv4.0.0,28,1886,12,10,0.10602833330631256,0.001943113747984171,0.1993330866098404,0.001033572075902291,0.0009765625,0.05515781359758828,True,True
8,conv4.0.0,29,-1334,12,10,0.10602833330631256,0.0018206605454906821,0.1993330866098404,0.0009684373349055895,0.0009765625,0.008389975067620218,True,True
8,conv4.0.0,30,989,11,10,0.10602833330631256,0.0013910793932154775,0.1993330866098404,0.000739936515647736,0.0009765625,0.3197922785917966,True,True
8,conv4.0.0,31,-1657,12,10,0.10602833330631256,0.0014636225532740355,0.1993330866098404,0.0007785233377583924,0.0009765625,0.25437793915314494,True,True
8,conv4.0.0,32,570,11,10,0.10602833330631256,0.0017128530889749527,0.1993330866098404,0.0009110928913575446,0.0009765625,0.07185832450619226,True,True
8,conv4.0.0,33,-404,10,10,0.10602833330631256,0.0015538723673671484,0.1993330866098404,0.0008265286013713872,0.0009765625,0.18152293626581648,True,True
8,conv4.0.0,34,-986,11,10,0.10602833330631256,0.0015646603424102068,0.1993330866098404,0.0008322668911506672,0.0009765625,0.17337660597051274,True,True
8,conv4.0.0,35,378,10,11,0.10602833330631256,0.0012761791003867984,0.1993330866098404,0.0006788192834198642,0.00048828125,0.2806903664550324,True,True
8,conv4.0.0,36,57,7,10,0.10602833330631256,0.0017978384857997298,0.1993330866098404,0.0009562979304905806,0.0009765625,0.021190644529601465,True,True
8,conv4.0.0,37,128,9,10,0.10602833330631256,0.00165757245849818,0.1993330866098404,0.0008816882741248477,0.0009765625,0.10760518049230412,True,True
8,conv4.0.0,38,-246,9,10,0.10602833330631256,0.002402620855718851,0.1993330866098404,0.0012779909709494275,0.0009765625,0.23586118979032725,True,True
8,conv4.0.0,39,-848,11,10,0.10602833330631256,0.0016688868636265397,0.1993330866098404,0.0008877065801598136,0.0009765625,0.10009604730449302,True,True
8,conv4.0.0,40,1709,12,10,0.10602833330631256,0.0013335315743461251,0.1993330866098404,0.0007093259460533665,0.0009765625,0.37674718573811733,True,True
8,conv4.0.0,41,661,11,10,0.10602833330631256,0.0017583128064870834,0.1993330866098404,0.000935273613998043,0.0009765625,0.04414631759518816,True,True
8,conv4.0.0,42,592,11,10,0.10602833330631256,0.001808798871934414,0.1993330866098404,0.0009621279283801372,0.0009765625,0.015002757111692203,True,True
8,conv4.0.0,43,230,9,10,0.10602833330631256,0.001574974274262786,0.1993330866098404,0.000837753030069011,0.0009765625,0.16569259071441905,True,True
8,conv4.0.0,44,-751,11,11,0.10602833330631256,0.0011743006762117147,0.1993330866098404,0.000624628583326504,0.00048828125,0.21828545309338318,True,True
8,conv4.0.0,45,-992,11,10,0.10602833330631256,0.0014446487184613943,0.1993330866098404,0.0007684308633186055,0.0009765625,0.27085278144938246,True,True
8,conv4.0.0,46,2953,13,10,0.10602833330631256,0.0016194357303902507,0.1993330866098404,0.0008614027621317769,0.0009765625,0.1336886099404056,True,True
8,conv4.0.0,47,-317,10,11,0.10602833330631256,0.001227127155289054,0.1993330866098404,0.0006527277996998211,0.00048828125,0.25193740756169325,True,True
8,conv4.0.0,48,-2643,13,11,0.10602833330631256,0.0010883948998525739,0.1993330866098404,0.0005789339801692633,0.00048828125,0.15658560954179795,True,True
8,conv4.0.0,49,-1639,12,10,0.10602833330631256,0.0014564713928848505,0.1993330866098404,0.000774719525605744,0.0009765625,0.26053683652343385,True,True
8,conv4.0.0,50,256,10,10,0.10602833330631256,0.0015378737589344382,0.1993330866098404,0.0008180186955840916,0.0009765625,0.1938144021301408,True,True
8,conv4.0.0,51,-1048,12,10,0.10602833330631256,0.0013318012934178114,0.1993330866098404,0.0007084055830263299,0.0009765625,0.37853586052794186,True,True
8,conv4.0.0,52,357,10,10,0.10602833330631256,0.0014562848955392838,0.1993330866098404,0.0007746203248004347,0.0009765625,0.26069826563302695,True,True
8,conv4.0.0,53,-69,8,10,0.10602833330631256,0.0019323929445818067,0.1993330866098404,0.0010278695157513902,0.0009765625,0.04991588422960856,True,True
8,conv4.0.0,54,781,11,10,0.10602833330631256,0.0015743337571620941,0.1993330866098404,0.0008374123291758699,0.0009765625,0.16616685230927186,True,True
8,conv4.0.0,55,-515,11,10,0.10602833330631256,0.0020884231198579073,0.1993330866098404,0.0011108643647821386,0.0009765625,0.12089852644474529,True,True
8,conv4.0.0,56,2769,13,10,0.10602833330631256,0.0016633712220937014,0.1993330866098404,0.0008847727256312546,0.0009765625,0.103743901354166,True,True
8,conv4.0.0,57,988,11,10,0.10602833330631256,0.0013733310624957085,0.1993330866098404,0.0007304959056757965,0.0009765625,0.33684869745650714,True,True
8,conv4.0.0,58,-121,8,10,0.10602833330631256,0.0015533823752775788,0.1993330866098404,0.0008262679670458272,0.0009765625,0.1818956306529998,True,True
8,conv4.0.0,59,2331,13,10,0.10602833330631256,0.0017457809299230576,0.1993330866098404,0.0009286077161890913,0.0009765625,0.0516415952343257,True,True
8,conv4.0.0,60,707,11,10,0.10602833330631256,0.0017158954869955778,0.1993330866098404,0.000912711189638415,0.0009765625,0.0699578476592149,True,True
8,conv4.0.0,61,-32,6,9,0.10602833330631256,0.002609218703582883,0.1993330866098404,0.0013878835424549802,0.001953125,0.40726865061400136,True,True
8,conv4.0.0,62,523,11,10,0.10602833330631256,0.0015360590768978,0.1993330866098404,0.000817053438309958,0.0009765625,0.1952247603534722,True,True
8,conv4.0.0,63,-454,10,10,0.10602833330631256,0.0016774089308455586,0.1993330866098404,0.0008922395987315149,0.0009765625,0.0945070151429794,True,True
9,conv4.1.0,0,50,7,9,0.1993330866098404,0.0008098157122731209,0.10173412412405014,0.0015867150467203646,0.001953125,0.2309236015861705,True,True
9,conv4.1.0,1,1970,12,10,0.1993330866098404,0.0006748002488166094,0.10173412412405014,0.0013221720597671575,0.0009765625,0.26139529814903323,True,True
9,conv4.1.0,2,64,8,10,0.1993330866098404,0.0005903922137804329,0.10173412412405014,0.0011567869020995439,0.0009765625,0.1557974089890198,True,True
9,conv4.1.0,3,1918,12,10,0.1993330866098404,0.0005795279867015779,0.10173412412405014,0.0011355000434775761,0.0009765625,0.1399714111774183,True,True
9,conv4.1.0,4,1905,12,9,0.1993330866098404,0.0008961096755228937,0.10173412412405014,0.0017557954039601725,0.001953125,0.11238757977994093,True,True
9,conv4.1.0,5,2237,13,9,0.1993330866098404,0.000713815912604332,0.10173412412405014,0.0013986175273612506,0.001953125,0.39646827083951236,True,True
9,conv4.1.0,6,2176,13,10,0.1993330866098404,0.0005622424650937319,0.10173412412405014,0.0011016316005591346,0.0009765625,0.1135307851514568,True,True
9,conv4.1.0,7,940,11,9,0.1993330866098404,0.0007691112696193159,0.10173412412405014,0.001506960664768615,0.001953125,0.2960689987882934,True,True
9,conv4.1.0,8,-205,9,9,0.1993330866098404,0.0009326949948444963,0.10173412412405014,0.001827478968229024,0.001953125,0.06875374981345868,True,True
9,conv4.1.0,9,863,11,10,0.1993330866098404,0.0006861620931886137,0.10173412412405014,0.001344433926449085,0.0009765625,0.2736255156999094,True,True
9,conv4.1.0,10,624,11,10,0.1993330866098404,0.0006973295821808279,0.10173412412405014,0.0013663149822862111,0.0009765625,0.28525814862547344,True,True
9,conv4.1.0,11,-361,10,10,0.1993330866098404,0.0006668996065855026,0.10173412412405014,0.001306691910744532,0.0009765625,0.2526451782780454,True,True
9,conv4.1.0,12,-2074,13,9,0.1993330866098404,0.0007821128237992525,0.10173412412405014,0.0015324353021897,0.001953125,0.27452362733302704,True,True
9,conv4.1.0,13,812,11,9,0.1993330866098404,0.0010191055480390787,0.10173412412405014,0.0019967877663559647,0.001953125,0.021866503336830323,True,True
9,conv4.1.0,14,1524,12,9,0.1993330866098404,0.0008955285302363336,0.10173412412405014,0.001754656735054963,0.001953125,0.11310945382078977,True,True
9,conv4.1.0,15,2341,13,9,0.1993330866098404,0.0007747004856355488,0.10173412412405014,0.0015179119133279123,0.001953125,0.28671827584376386,True,True
9,conv4.1.0,16,235,9,10,0.1993330866098404,0.0006210962310433388,0.10173412412405014,0.0012169469180728862,0.0009765625,0.1975307340878519,True,True
9,conv4.1.0,17,4000,13,9,0.1993330866098404,0.0007822760380804539,0.10173412412405014,0.0015327550966218123,0.001953125,0.274257710383532,True,True
9,conv4.1.0,18,3244,13,9,0.1993330866098404,0.0011699297465384007,0.10173412412405014,0.00229230564967372,0.001953125,0.14796484479371147,True,True
9,conv4.1.0,19,3843,13,9,0.1993330866098404,0.001052764360792935,0.10173412412405014,0.002062737270473853,0.001953125,0.05313923011080951,True,True
9,conv4.1.0,20,1764,12,10,0.1993330866098404,0.0006816864479333162,0.10173412412405014,0.001335664556377925,0.0009765625,0.2688564689863024,True,True
9,conv4.1.0,21,518,11,9,0.1993330866098404,0.0008624111069366336,0.10173412412405014,0.0016897680041229072,0.001953125,0.15585393689223695,True,True
9,conv4.1.0,22,-80,8,9,0.1993330866098404,0.0013305385364219546,0.10173412412405014,0.0026069950039077317,0.001953125,0.25081367740544924,True,True
9,conv4.1.0,23,3888,13,9,0.1993330866098404,0.000707295723259449,0.10173412412405014,0.0013858421731859757,0.001953125,0.4093415814514231,True,True
9,conv4.1.0,24,486,10,10,0.1993330866098404,0.0004928853013552725,0.10173412412405014,0.0009657364164650209,0.0009765625,0.01121018463258003,True,True
9,conv4.1.0,25,2347,13,9,0.1993330866098404,0.0008069194154813886,0.10173412412405014,0.0015810401781921782,0.001953125,0.23534178760294241,True,True
9,conv4.1.0,26,310,10,10,0.1993330866098404,0.0006600460619665682,0.10173412412405014,0.001293263395830061,0.0009765625,0.24488506892812154,True,True
9,conv4.1.0,27,1279,12,10,0.1993330866098404,0.0006644694949500263,0.10173412412405014,0.0013019304636167686,0.0009765625,0.24991193670428064,True,True
9,conv4.1.0,28,-139,9,9,0.1993330866098404,0.0007526685949414968,0.10173412412405014,0.0014747436567207096,0.001953125,0.3243827095639356,True,True
9,conv4.1.0,29,2641,13,9,0.1993330866098404,0.0007465110393241048,0.10173412412405014,0.0014626788301174956,0.001953125,0.33530680815494357,True,True
9,conv4.1.0,30,402,10,10,0.1993330866098404,0.000671673973556608,0.10173412412405014,0.0013160465821800285,0.0009765625,0.25795749692816633,True,True
9,conv4.1.0,31,-4,3,8,0.1993330866098404,0.0014352775178849697,0.10173412412405014,0.0028122156675066635,0.00390625,0.3890293141931456,True,True
9,conv4.1.0,32,-303,10,9,0.1993330866098404,0.0008612964884378016,0.10173412412405014,0.0016875840727461186,0.001953125,0.15734974721690775,True,True
9,conv4.1.0,33,2994,13,10,0.1993330866098404,0.0006549871759489179,0.10173412412405014,0.0012833512510763891,0.0009765625,0.23905283204350739,True,True
9,conv4.1.0,34,1294,12,10,0.1993330866098404,0.0006252247840166092,0.10173412412405014,0.0012250362117536453,0.0009765625,0.20282968729385883,True,True
9,conv4.1.0,35,1649,12,9,0.1993330866098404,0.0007858640165068209,0.10173412412405014,0.0015397852138079118,0.001953125,0.2684398982958751,True,True
9,conv4.1.0,36,3324,13,9,0.1993330866098404,0.0007470701239071786,0.10173412412405014,0.00146377427431166,0.001953125,0.3343075051093225,True,True
9,conv4.1.0,37,-1885,12,10,0.1993330866098404,0.0006683594547212124,0.10173412412405014,0.0013095522689318972,0.0009765625,0.2542775701526536,True,True
9,conv4.1.0,38,345,10,9,0.1993330866098404,0.0010599998058751225,0.10173412412405014,0.0020769140633016933,0.001953125,0.05960240025767098,True,True
9,conv4.1.0,39,1332,12,10,0.1993330866098404,0.0006592129357159138,0.10173412412405014,0.0012916310072042334,0.0009765625,0.24393073985286776,True,True
9,conv4.1.0,40,-2111,13,9,0.1993330866098404,0.0009139369940385222,0.10173412412405014,0.0017907254184100331,0.001953125,0.09068927034841545,True,True
9,conv4.1.0,41,2357,13,10,0.1993330866098404,0.0006044283509254456,0.10173412412405014,0.0011842886530143383,0.0009765625,0.17540162399227455,True,True
9,conv4.1.0,42,-2293,13,9,0.1993330866098404,0.0007505595567636192,0.10173412412405014,0.0014706113059151753,0.001953125,0.3281041646722224,True,True
9,conv4.1.0,43,2980,13,9,0.1993330866098404,0.0007772911339998245,0.10173412412405014,0.0015229879086167903,0.001953125,0.28242974809555077,True,True
9,conv4.1.0,44,-4506,14,9,0.1993330866098404,0.0008628537179902196,0.10173412412405014,0.0016906352355286777,0.001953125,0.15526102789951565,True,True
9,conv4.1.0,45,1242,12,9,0.1993330866098404,0.0007185464492067695,0.10173412412405014,0.0014078863196215045,0.001953125,0.3872746490818074,True,True
9,conv4.1.0,46,2054,13,10,0.1993330866098404,0.0006743952981196344,0.10173412412405014,0.0013213786183034614,0.0009765625,0.2609517919596551,True,True
9,conv4.1.0,47,-484,10,9,0.1993330866098404,0.0009617975447326899,0.10173412412405014,0.001884501143898978,0.001953125,0.03641486571827768,True,True
9,conv4.1.0,48,1870,12,10,0.1993330866098404,0.0006482186145149171,0.10173412412405014,0.001270089248241406,0.0009765625,0.23110718293838778,True,True
9,conv4.1.0,49,-1236,12,9,0.1993330866098404,0.0007355075213126838,0.10173412412405014,0.0014411190513542852,0.001953125,0.35528358893358564,True,True
9,conv4.1.0,50,-845,11,9,0.1993330866098404,0.0008225722122006118,0.10173412412405014,0.0016117095362958036,0.001953125,0.2118343634603494,True,True
9,conv4.1.0,51,1683,12,9,0.1993330866098404,0.0008452057372778654,0.10173412412405014,0.0016560566071862838,0.001953125,0.1793829942313681,True,True
9,conv4.1.0,52,2621,13,9,0.1993330866098404,0.0010058025363832712,0.10173412412405014,0.001970722467250176,0.001953125,0.00892944975389168,True,True
9,conv4.1.0,53,2545,13,10,0.1993330866098404,0.0006628865958191454,0.10173412412405014,0.001298829005062255,0.0009765625,0.24812081021150909,True,True
9,conv4.1.0,54,418,10,9,0.1993330866098404,0.000769302190747112,0.10173412412405014,0.001507334746700615,0.001953125,0.2957473476115173,True,True
9,conv4.1.0,55,3286,13,9,0.1993330866098404,0.0008586782496422529,0.10173412412405014,0.0016824540180560919,0.001953125,0.16087868021299118,True,True
9,conv4.1.0,56,106,8,9,0.1993330866098404,0.0008266359218396246,0.10173412412405014,0.001619671778978926,0.001953125,0.2058770334513637,True,True
9,conv4.1.0,57,1340,12,10,0.1993330866098404,0.0006919490406289697,0.10173412412405014,0.001355772600716615,0.0009765625,0.27970037196221365,True,True
9,conv4.1.0,58,709,11,9,0.1993330866098404,0.0008604933973401785,0.10173412412405014,0.0016860105335949594,0.001953125,0.15842989179640032,True,True
9,conv4.1.0,59,-82,8,9,0.1993330866098404,0.0007899206248112023,0.10173412412405014,0.0015477335424679537,0.001953125,0.2619258718691496,True,True
9,conv4.1.0,60,1216,12,10,0.1993330866098404,0.000604248431045562,0.10173412412405014,0.0011839361264131762,0.0009765625,0.1751560931259275,True,True
9,conv4.1.0,61,1188,12,10,0.1993330866098404,0.0006868314230814576,0.10173412412405014,0.0013457453801491053,0.0009765625,0.2743333810354235,True,True
9,conv4.1.0,62,1287,12,10,0.1993330866098404,0.0005746184033341706,0.10173412412405014,0.0011258804353567028,0.0009765625,0.1326232614650558,True,True
9,conv4.1.0,63,2574,13,9,0.1993330866098404,0.0011276027653366327,0.10173412412405014,0.0022093721415468188,0.001953125,0.11598188314595831,True,True
10,conv4.2.0,0,-2,2,10,0.10173412412405014,0.0012299491791054606,0.12830764055252075,0.0009752170791588158,0.0009765625,0.001379611647434138,True,True
10,conv4.2.0,1,-3395,13,10,0.10173412412405014,0.0009961262112483382,0.12830764055252075,0.0007898206777239915,0.0009765625,0.23643572211117364,True,True
10,conv4.2.0,2,3148,13,10,0.10173412412405014,0.0013023338979110122,0.12830764055252075,0.001032610356253909,0.0009765625,0.054277836663616935,True,True
10,conv4.2.0,3,1398,12,10,0.10173412412405014,0.0013535353355109692,0.12830764055252075,0.0010732075754506228,0.0009765625,0.09005254683376888,True,True
10,conv4.2.0,4,3184,13,10,0.10173412412405014,0.0013819175073876977,0.12830764055252075,0.0010957115774273038,0.0009765625,0.10874127816287388,True,True
10,conv4.2.0,5,3110,13,10,0.10173412412405014,0.0009892444359138608,0.12830764055252075,0.0007843641719145422,0.0009765625,0.24503710772041495,True,True
10,conv4.2.0,6,-1184,12,10,0.10173412412405014,0.0012505326885730028,0.12830764055252075,0.0009915375827396007,0.0009765625,0.015102889694029393,True,True
10,conv4.2.0,7,-13546,15,10,0.10173412412405014,0.001171364914625883,0.12830764055252075,0.0009287660743034823,0.0009765625,0.05146228638073591,True,True
10,conv4.2.0,8,2563,13,10,0.10173412412405014,0.0010216273367404938,0.12830764055252075,0.0008100403205679418,0.0009765625,0.2055727044739018,True,True
10,conv4.2.0,9,-4199,14,10,0.10173412412405014,0.0013902690261602402,0.12830764055252075,0.0011023334313073336,0.0009765625,0.11409518003837839,True,True
10,conv4.2.0,10,992,11,10,0.10173412412405014,0.0010993491159752011,0.12830764055252075,0.0008716653111122044,0.0009765625,0.12034113042074786,True,True
10,conv4.2.0,11,-3522,13,10,0.10173412412405014,0.0014858427457511425,0.12830764055252075,0.0011781130856598585,0.0009765625,0.17107915030667065,True,True
10,conv4.2.0,12,-6032,14,10,0.10173412412405014,0.0012028979836031795,0.12830764055252075,0.0009537683979338928,0.0009765625,0.02389899069363705,True,True
10,conv4.2.0,13,3474,13,10,0.10173412412405014,0.001030176761560142,0.12830764055252075,0.0008168190926040102,0.0009765625,0.19556767078831327,True,True
10,conv4.2.0,14,3879,13,10,0.10173412412405014,0.0011468654265627265,0.12830764055252075,0.0009093406219386824,0.0009765625,0.07392376018350844,True,True
10,conv4.2.0,15,1316,12,10,0.10173412412405014,0.001174422213807702,0.12830764055252075,0.0009311901828998852,0.0009765625,0.048725081012793436,True,True
10,conv4.2.0,16,-3870,13,10,0.10173412412405014,0.0012707483256235719,0.12830764055252075,0.0010075664031597494,0.0009765625,0.03077107678711845,True,True
10,conv4.2.0,17,1232,12,10,0.10173412412405014,0.000967622094321996,0.12830764055252075,0.0007672199864717513,0.0009765625,0.27285852456863313,True,True
10,conv4.2.0,18,1309,12,10,0.10173412412405014,0.0012090945383533835,0.12830764055252075,0.0009586815977042579,0.0009765625,0.018651554737841275,True,True
10,conv4.2.0,19,8743,15,10,0.10173412412405014,0.0010408263187855482,0.12830764055252075,0.0008252630431900406,0.0009765625,0.18333482646346771,True,True
10,conv4.2.0,20,2448,13,10,0.10173412412405014,0.0014589268248528242,0.12830764055252075,0.0011567716626098277,0.0009765625,0.15578628733284522,True,True
10,conv4.2.0,21,2446,13,10,0.10173412412405014,0.0012318420922383666,0.12830764055252075,0.0009767179551689257,0.0009765625,0.00015916075680090405,True,True
10,conv4.2.0,22,2275,13,10,0.10173412412405014,0.0009943197946995497,0.12830764055252075,0.0007883883841785501,0.0009765625,0.23868199937714102,True,True
10,conv4.2.0,23,3106,13,10,0.10173412412405014,0.0010381927713751793,0.12830764055252075,0.0008231749240571556,0.0009765625,0.1863365506651344,True,True
10,conv4.2.0,24,6230,14,10,0.10173412412405014,0.0008973648655228317,0.12830764055252075,0.0007115135795540726,0.0009765625,0.37251421204362917,True,True
10,conv4.2.0,25,-9047,15,10,0.10173412412405014,0.000912914692889899,0.12830764055252075,0.0007238429159884156,0.0009765625,0.34913594984416335,True,True
10,conv4.2.0,26,-1338,12,10,0.10173412412405014,0.0010276947868987918,0.12830764055252075,0.0008148511543176912,0.0009765625,0.19845507345168628,True,True
10,conv4.2.0,27,-9556,15,10,0.10173412412405014,0.0009596701129339635,0.12830764055252075,0.000760914922657324,0.0009765625,0.28340563566499044,True,True
10,conv4.2.0,28,4438,14,10,0.10173412412405014,0.0009439709829166532,0.12830764055252075,0.0007484672053199696,0.0009765625,0.3047498849098133,True,True
10,conv4.2.0,29,-10607,15,10,0.10173412412405014,0.0009647902916185558,0.12830764055252075,0.0007649746722684347,0.0009765625,0.27659455326034343,True,True
10,conv4.2.0,30,-1312,12,10,0.10173412412405014,0.0009949039667844772,0.12830764055252075,0.0007888515696532569,0.0009765625,0.23795468953589363,True,True
10,conv4.2.0,31,-2184,13,10,0.10173412412405014,0.0012161827180534601,0.12830764055252075,0.0009643017599199756,0.0009765625,0.012714629994081853,True,True
10,conv4.2.0,32,4787,14,10,0.10173412412405014,0.0009884529281407595,0.12830764055252075,0.0007837365915951856,0.0009765625,0.2460340763372351,True,True
10,conv4.2.0,33,1528,12,10,0.10173412412405014,0.0012353413039818406,0.12830764055252075,0.0009794924527772829,0.0009765625,0.002991296940548355,True,True
10,conv4.2.0,34,483,10,10,0.10173412412405014,0.0015333052724599838,0.12830764055252075,0.0012157457516698128,0.0009765625,0.19673788811624254,True,True
10,conv4.2.0,35,-399,10,10,0.10173412412405014,0.0011362158693373203,0.12830764055252075,0.000900896671352652,0.0009765625,0.08398946411217119,True,True
10,conv4.2.0,36,3682,13,10,0.10173412412405014,0.0011654782574623823,0.12830764055252075,0.0009240985899045141,0.0009765625,0.05677306584885815,True,True
10,conv4.2.0,37,4303,14,10,0.10173412412405014,0.0008997244294732809,0.12830764055252075,0.0007133844593456418,0.0009765625,0.3689147376377677,True,True
10,conv4.2.0,38,2218,13,10,0.10173412412405014,0.001171375741250813,0.12830764055252075,0.0009287746586496656,0.0009765625,0.05145256807481441,True,True
10,conv4.2.0,39,6509,14,10,0.10173412412405014,0.0011693218257278204,0.12830764055252075,0.0009271461251043782,0.0009765625,0.053299446071738095,True,True
10,conv4.2.0,40,-491,10,10,0.10173412412405014,0.00104916887357831,0.12830764055252075,0.0008318777896006498,0.0009765625,0.17392543977981112,True,True
10,conv4.2.0,41,-572,11,10,0.10173412412405014,0.0009284993866458535,0.12830764055252075,0.0007361998977096606,0.0009765625,0.3264909476870541,True,True
10,conv4.2.0,42,1717,12,10,0.10173412412405014,0.0015159858157858253,0.12830764055252075,0.001202013290006092,0.0009765625,0.18756097946716502,True,True
10,conv4.2.0,43,3177,13,10,0.10173412412405014,0.0014158958801999688,0.12830764055252075,0.0011226527633327672,0.0009765625,0.13012951831969471,True,True
10,conv4.2.0,44,-276,10,10,0.10173412412405014,0.0012447540648281574,0.12830764055252075,0.0009869557571928701,0.0009765625,0.010530621172352182,True,True
10,conv4.2.0,45,-782,11,10,0.10173412412405014,0.001007692888379097,0.12830764055252075,0.0007989918055060642,0.0009765625,0.22224344889428044,True,True
10,conv4.2.0,46,3698,13,10,0.10173412412405014,0.001237647607922554,0.12830764055252075,0.0009813211031239183,0.0009765625,0.004849180465771983,True,True
10,conv4.2.0,47,1502,12,10,0.10173412412405014,0.0009986485820263624,0.12830764055252075,0.0007918206457751018,0.0009765625,0.23331275233933438,True,True
10,conv4.2.0,48,7551,14,10,0.10173412412405014,0.0011135126696899533,0.12830764055252075,0.0008828954820158961,0.0009765625,0.1060907206935027,True,True
10,conv4.2.0,49,-1627,12,10,0.10173412412405014,0.0012303268304094672,0.12830764055252075,0.0009755165159224564,0.0009765625,0.0010722361543561477,True,True
10,conv4.2.0,50,-2098,13,10,0.10173412412405014,0.0010975900804623961,0.12830764055252075,0.0008702705856194146,0.0009765625,0.12213662754662924,True,True
10,conv4.2.0,51,-287,10,10,0.10173412412405014,0.0010099208448082209,0.12830764055252075,0.0008007583347238677,0.0009765625,0.21954709386416357,True,True
10,conv4.2.0,52,1639,12,10,0.10173412412405014,0.0011857155477628112,0.12830764055252075,0.0009401445790170293,0.0009765625,0.038736511166237414,True,True
10,conv4.2.0,53,-830,11,10,0.10173412412405014,0.001035285647958517,0.12830764055252075,0.0008208698886497469,0.0009765625,0.18966783104488422,True,True
10,conv4.2.0,54,1443,12,10,0.10173412412405014,0.0011827780399471521,0.12830764055252075,0.0009378154520574286,0.0009765625,0.041316282278742636,True,True
10,conv4.2.0,55,5408,14,10,0.10173412412405014,0.0010837129084393382,0.12830764055252075,0.0008592674845179905,0.0009765625,0.13650582338491088,True,True
10,conv4.2.0,56,-6293,14,10,0.10173412412405014,0.0013355134287849069,0.12830764055252075,0.0010589181466377628,0.0009765625,0.07777338305066857,True,True
10,conv4.2.0,57,-960,11,10,0.10173412412405014,0.0009186470415443182,0.12830764055252075,0.0007283880503780725,0.0009765625,0.34071735456548413,True,True
10,conv4.2.0,58,-3014,13,10,0.10173412412405014,0.001048997393809259,0.12830764055252075,0.0008317418246336823,0.0009765625,0.1741173415561974,True,True
10,conv4.2.0,59,2130,13,11,0.10173412412405014,0.0008403240353800356,0.12830764055252075,0.0006662863517062445,0.00048828125,0.26716006001084086,True,True
10,conv4.2.0,60,-477,10,10,0.10173412412405014,0.0010590861784294248,0.12830764055252075,0.0008397411430093376,0.0009765625,0.1629327777133113,True,True
10,conv4.2.0,61,5546,14,10,0.10173412412405014,0.0008925444562919438,0.12830764055252075,0.0007076915147969614,0.0009765625,0.3799268178030626,True,True
10,conv4.2.0,62,-219,9,10,0.10173412412405014,0.0012270353036001325,0.12830764055252075,0.0009729066900731421,0.0009765625,0.003757616186792828,True,True
10,conv4.2.0,63,4599,14,10,0.10173412412405014,0.001157725928351283,0.12830764055252075,0.0009179518288180905,0.0009765625,0.06384939747587158,True,True
11,conv_out.0,0,-301,10,9,0.12830764055252075,0.002444662619382143,0.21720844507217407,0.001444091607652004,0.001953125,0.35249383740665186,True,True
11,conv_out.0,1,-1368,12,9,0.12830764055252075,0.003326146397739649,0.21720844507217407,0.0019647946758443637,0.001953125,0.0059393869434976555,True,True
11,conv_out.0,2,141,9,9,0.12830764055252075,0.0037879985757172108,0.21720844507217407,0.0022376163113965782,0.001953125,0.12714034570967925,True,True
11,conv_out.0,3,-961,11,9,0.12830764055252075,0.0042579141445457935,0.21720844507217407,0.002515201088891103,0.001953125,0.22347163070723308,True,True
11,conv_out.0,4,-1164,12,9,0.12830764055252075,0.003081359900534153,0.21720844507217407,0.001820196348255779,0.001953125,0.07302984201215494,True,True
11,conv_out.0,5,-1182,12,9,0.12830764055252075,0.0028332422953099012,0.21720844507217407,0.0016736302951021493,0.001953125,0.16699907124995722,True,True
11,conv_out.0,6,-510,10,9,0.12830764055252075,0.0028754023369401693,0.21720844507217407,0.0016985347386903268,0.001953125,0.14988816861407125,True,True
11,conv_out.0,7,-238,9,9,0.12830764055252075,0.003441915614530444,0.21720844507217407,0.00203318094438979,0.001953125,0.039374726883355214,True,True
11,conv_out.0,8,-524,11,9,0.12830764055252075,0.0030693893786519766,0.21720844507217407,0.0018131252170280128,0.001953125,0.07721462459248571,True,True
11,conv_out.0,9,-2602,13,9,0.12830764055252075,0.003222743049263954,0.21720844507217407,0.0019037130744188854,0.001953125,0.025955552990146794,True,True
11,conv_out.0,10,10,5,9,0.12830764055252075,0.002838813466951251,0.21720844507217407,0.0016769212531870302,0.001953125,0.16470883548529053,True,True
11,conv_out.0,11,-542,11,9,0.12830764055252075,0.003562649479135871,0.21720844507217407,0.0021044998901018803,0.001953125,0.07192915087040094,True,True
11,conv_out.0,12,8,5,9,0.12830764055252075,0.0027275525499135256,0.21720844507217407,0.0016111980915204716,0.001953125,0.2122190376708151,True,True
11,conv_out.0,13,-544,11,9,0.12830764055252075,0.0033584069460630417,0.21720844507217407,0.0019838513696894384,0.001953125,0.015488241790133916,True,True
11,conv_out.0,14,-564,11,9,0.12830764055252075,0.002913722302764654,0.21720844507217407,0.0017211708033210513,0.001953125,0.1347653563675296,True,True
11,conv_out.0,15,-1551,12,9,0.12830764055252075,0.002444353885948658,0.21720844507217407,0.0014439092351001587,0.001953125,0.3526646637622751,True,True
11,conv_out.0,16,-68,8,9,0.12830764055252075,0.0031724758446216583,0.21720844507217407,0.001874019632146507,0.001953125,0.04221160039977036,True,True
11,conv_out.0,17,-1905,12,9,0.12830764055252075,0.0029335005674511194,0.21720844507217407,0.0017328540621156178,0.001953125,0.1271145347435989,True,True
11,conv_out.0,18,-106,8,9,0.12830764055252075,0.0029291887767612934,0.21720844507217407,0.0017303070355035352,0.001953125,0.12877365688548031,True,True
11,conv_out.0,19,-1260,12,9,0.12830764055252075,0.002549397526308894,0.21720844507217407,0.0015059597766672282,0.001953125,0.2969303896830319,True,True
11,conv_out.0,20,-617,11,9,0.12830764055252075,0.0036254385486245155,0.21720844507217407,0.0021415901485211573,0.001953125,0.08800243531718663,True,True
11,conv_out.0,21,-294,10,9,0.12830764055252075,0.0032406796235591173,0.21720844507217407,0.0019143084245519923,0.001953125,0.02027707497400373,True,True
11,conv_out.0,22,-910,11,10,0.12830764055252075,0.00219248840585351,0.21720844507217407,0.0012951292671900792,0.0009765625,0.24597295054666143,True,True
11,conv_out.0,23,-1644,12,9,0.12830764055252075,0.0034554635640233755,0.21720844507217407,0.002041183881076645,0.001953125,0.04314108194416928,True,True
11,conv_out.0,24,691,11,9,0.12830764055252075,0.002618958707898855,0.21720844507217407,0.0015470504031430434,0.001953125,0.26248310722906043,True,True
11,conv_out.0,25,-531,11,9,0.12830764055252075,0.0031743478029966354,0.21720844507217407,0.0018751254204699122,0.001953125,0.041596993288342744,True,True
11,conv_out.0,26,72,8,9,0.12830764055252075,0.003017635550349951,0.21720844507217407,0.0017825536082823827,0.001953125,0.095689347532148,True,True
11,conv_out.0,27,-2168,13,9,0.12830764055252075,0.0029578583780676126,0.21720844507217407,0.001747242513762555,0.001953125,0.1178328049001581,True,True
11,conv_out.0,28,-1858,12,9,0.12830764055252075,0.002545331371948123,0.21720844507217407,0.0015035578503886273,0.001953125,0.29900222960837336,True,True
11,conv_out.0,29,-850,11,9,0.12830764055252075,0.002740710973739624,0.21720844507217407,0.0016189709307116724,0.001953125,0.20639905445457202,True,True
11,conv_out.0,30,-225,9,9,0.12830764055252075,0.002711288630962372,0.21720844507217407,0.0016015907990136514,0.001953125,0.21949064717582223,True,True
11,conv_out.0,31,-1701,12,9,0.12830764055252075,0.003086903365328908,0.21720844507217407,0.0018234709395731866,0.001953125,0.07110289372484382,True,True
11,conv_out.0,32,-640,11,9,0.12830764055252075,0.0031334117520600557,0.21720844507217407,0.0018509440029036428,0.001953125,0.05520480194758035,True,True
11,conv_out.0,33,-1173,12,9,0.12830764055252075,0.0035530158784240484,0.21720844507217407,0.002098809206312176,0.001953125,0.06941279172686608,True,True
11,conv_out.0,34,-1544,12,9,0.12830764055252075,0.0027224163059145212,0.21720844507217407,0.001608164050424163,0.001953125,0.21450606950506793,True,True
11,conv_out.0,35,86,8,9,0.12830764055252075,0.0033736187033355236,0.21720844507217407,0.0019928371376398573,0.001953125,0.019927437566167053,True,True
11,conv_out.0,36,19,6,9,0.12830764055252075,0.00309377652592957,0.21720844507217407,0.0018275309981934512,0.001953125,0.06872332230244017,True,True
11,conv_out.0,37,-793,11,9,0.12830764055252075,0.0027224449440836906,0.21720844507217407,0.0016081809673350806,0.001953125,0.21449329377186122,True,True
11,conv_out.0,38,-838,11,9,0.12830764055252075,0.002501092152670026,0.21720844507217407,0.0014774252115606473,0.001953125,0.32197892977395254,True,True
11,conv_out.0,39,-851,11,9,0.12830764055252075,0.0031774037051945925,0.21720844507217407,0.0018769305786471133,0.001953125,0.040595226173899025,True,True
11,conv_out.0,40,-722,11,9,0.12830764055252075,0.002772745443508029,0.21720844507217407,0.0016378940772355994,0.001953125,0.19246111647002243,True,True
11,conv_out.0,41,-1665,12,9,0.12830764055252075,0.0027306661941111088,0.21720844507217407,0.0016130373585912304,0.001953125,0.21083680399429192,True,True
11,conv_out.0,42,-567,11,9,0.12830764055252075,0.003201728919520974,0.21720844507217407,0.0018912997752734936,0.001953125,0.03268927831261765,True,True
11,conv_out.0,43,-649,11,8,0.12830764055252075,0.004934888333082199,0.21720844507217407,0.0029150978830383167,0.00390625,0.34000646178255806,True,True
11,conv_out.0,44,-803,11,9,0.12830764055252075,0.002366499975323677,0.21720844507217407,0.00139791999385883,0.001953125,0.39716507996182066,True,True
11,conv_out.0,45,-431,10,9,0.12830764055252075,0.0026420142967253923,0.21720844507217407,0.001560669616718736,0.001953125,0.25146602399192625,True,True
11,conv_out.0,46,-1028,12,9,0.12830764055252075,0.0031486235093325377,0.21720844507217407,0.0018599297708540613,0.001953125,0.05010685382123022,True,True
11,conv_out.0,47,-576,11,9,0.12830764055252075,0.003863932564854622,0.21720844507217407,0.002282471431927111,0.001953125,0.1442937805574377,True,True
11,conv_out.0,48,-647,11,9,0.12830764055252075,0.003704830538481474,0.21720844507217407,0.002188487951661045,0.001953125,0.10754592068117456,True,True
11,conv_out.0,49,-1139,12,9,0.12830764055252075,0.003291892819106579,0.21720844507217407,0.0019445606750281015,0.001953125,0.004404246718490678,True,True
11,conv_out.0,50,-1593,12,9,0.12830764055252075,0.002419996540993452,0.21720844507217407,0.0014295210585249438,0.001953125,0.36627927819079403,True,True
11,conv_out.0,51,-660,11,9,0.12830764055252075,0.0040561966598033905,0.21720844507217407,0.0023960441448925085,0.001953125,0.18485433410592642,True,True
11,conv_out.0,52,-732,11,9,0.12830764055252075,0.0034365614410489798,0.21720844507217407,0.002030018169727473,0.001953125,0.03787806970111796,True,True
11,conv_out.0,53,-1266,12,10,0.12830764055252075,0.0018546469509601593,0.21720844507217407,0.0010955622570593584,0.0009765625,0.10861980347768671,True,True
11,conv_out.0,54,-677,11,9,0.12830764055252075,0.0029355944134294987,0.21720844507217407,0.0017340909221146706,0.001953125,0.12631060753044254,True,True
11,conv_out.0,55,-327,10,9,0.12830764055252075,0.003358004614710808,0.21720844507217407,0.001983613707721423,0.001953125,0.015370284850695786,True,True
11,conv_out.0,56,-401,10,9,0.12830764055252075,0.0033142343163490295,0.21720844507217407,0.001957758066117739,0.001953125,0.0023665161686327782,True,True
11,conv_out.0,57,-688,11,9,0.12830764055252075,0.0027391023468226194,0.21720844507217407,0.0016180206954471937,0.001953125,0.20710755152621152,True,True
11,conv_out.0,58,-1939,12,9,0.12830764055252075,0.002984683495014906,0.21720844507217407,0.0017630884329297815,0.001953125,0.10778617993337322,True,True
11,conv_out.0,59,-1823,12,9,0.12830764055252075,0.0025179944932460785,0.21720844507217407,0.0014874096273986587,0.001953125,0.313104987370449,True,True
11,conv_out.0,60,-2905,13,10,0.12830764055252075,0.0020667777862399817,0.21720844507217407,0.001220870492446548,0.0009765625,0.2001096708930773,True,True
11,conv_out.0,61,-1506,12,10,0.12830764055252075,0.002310597337782383,0.21720844507217407,0.0013648976336039012,0.0009765625,0.28451594027497423,True,True
11,conv_out.0,62,-1284,12,9,0.12830764055252075,0.0029343359638005495,0.21720844507217407,0.0017333475407853166,0.001953125,0.12679364873077345,True,True
11,conv_out.0,63,-746,11,9,0.12830764055252075,0.002627315931022167,0.21720844507217407,0.0015519871153420871,0.001953125,0.2584672776548757,True,True
11,conv_out.0,64,-441,10,9,0.12830764055252075,0.0035639265552163124,0.21720844507217407,0.002105254274300124,0.001953125,0.07226171021583513,True,True
11,conv_out.0,65,-690,11,9,0.12830764055252075,0.002778505440801382,0.21720844507217407,0.0016412965769038487,0.001953125,0.18998907783283522,True,True
11,conv_out.0,66,-351,10,9,0.12830764055252075,0.003264107508584857,0.21720844507217407,0.0019281475579696159,0.001953125,0.012954113354626208,True,True
11,conv_out.0,67,-108,8,9,0.12830764055252075,0.0034884288907051086,0.21720844507217407,0.00206065689597333,0.001953125,0.052183309207590504,True,True
11,conv_out.0,68,-705,11,9,0.12830764055252075,0.0027916503604501486,0.21720844507217407,0.0016490614390151045,0.001953125,0.18438582929117323,True,True
11,conv_out.0,69,-576,11,9,0.12830764055252075,0.00343379657715559,0.21720844507217407,0.0020283849313766727,0.001953125,0.03710337727937737,True,True
11,conv_out.0,70,-333,10,9,0.12830764055252075,0.003447865368798375,0.21720844507217407,0.0020366955357848525,0.001953125,0.04103241467195936,True,True
11,conv_out.0,71,-1111,12,9,0.12830764055252075,0.0027599160093814135,0.21720844507217407,0.0016303155762161612,0.001953125,0.19800425665628185,True,True
11,conv_out.0,72,-137,9,9,0.12830764055252075,0.0026746708899736404,0.21720844507217407,0.001579960259063576,0.001953125,0.23618615645281762,True,True
11,conv_out.0,73,-574,11,9,0.12830764055252075,0.002872052602469921,0.21720844507217407,0.0016965560102563924,0.001953125,0.15122930701523585,True,True
11,conv_out.0,74,-189,9,9,0.12830764055252075,0.0033664789516478777,0.21720844507217407,0.00198861960045861,0.001953125,0.01784886383017864,True,True
11,conv_out.0,75,-892,11,9,0.12830764055252075,0.003430858487263322,0.21720844507217407,0.0020266493663451983,0.001953125,0.03627877992422044,True,True
11,conv_out.0,76,-561,11,9,0.12830764055252075,0.0033645478542894125,0.21720844507217407,0.0019874788780264805,0.001953125,0.017285153772599128,True,True
11,conv_out.0,77,-420,10,9,0.12830764055252075,0.0036526178009808064,0.21720844507217407,0.0021576452597331475,0.001953125,0.09478863998173734,True,True
11,conv_out.0,78,-1363,12,10,0.12830764055252075,0.002260710345581174,0.21720844507217407,0.0013354287873927318,0.0009765625,0.26872738612545277,True,True
11,conv_out.0,79,-2197,13,10,0.12830764055252075,0.001960740890353918,0.21720844507217407,0.0011582332228959405,0.0009765625,0.15685159025373802,True,True
11,conv_out.0,80,-1584,12,9,0.12830764055252075,0.0031516486778855324,0.21720844507217407,0.0018617167742975946,0.001953125,0.049098889242641504,True,True
11,conv_out.0,81,252,9,9,0.12830764055252075,0.002517873188480735,0.21720844507217407,0.0014873379712150151,0.001953125,0.3131682494493708,True,True
11,conv_out.0,82,-394,10,9,0.12830764055252075,0.00273423851467669,0.21720844507217407,0.0016151475713083955,0.001953125,0.20925482890570576,True,True
11,conv_out.0,83,-880,11,9,0.12830764055252075,0.0038202155847102404,0.21720844507217407,0.0022566472860356237,0.001953125,0.13450142958266106,True,True
11,conv_out.0,84,-613,11,9,0.12830764055252075,0.004252665676176548,0.21720844507217407,0.0025121007555097344,0.001953125,0.22251327072918767,True,True
11,conv_out.0,85,-1228,12,9,0.12830764055252075,0.0034107398241758347,0.21720844507217407,0.002014765030121674,0.001953125,0.030594153263595058,True,True
11,conv_out.0,86,-698,11,9,0.12830764055252075,0.003122807713225484,0.21720844507217407,0.0018446800696447904,0.001953125,0.058787934092057306,True,True
11,conv_out.0,87,328,10,9,0.12830764055252075,0.0038358091842383146,0.21720844507217407,0.002265858612798279,0.001953125,0.1380199148489944,True,True
11,conv_out.0,88,-957,11,9,0.12830764055252075,0.0030431081540882587,0.21720844507217407,0.0017976005816323628,0.001953125,0.08651778373725756,True,True
11,conv_out.0,89,-1039,12,10,0.12830764055252075,0.0022434755228459835,0.21720844507217407,0.001325247970345041,0.0009765625,0.2631096052569372,True,True
11,conv_out.0,90,-1241,12,9,0.12830764055252075,0.003063613548874855,0.21720844507217407,0.0018097133649212073,0.001953125,0.0792454970265618,True,True
11,conv_out.0,91,-1171,12,9,0.12830764055252075,0.0026604144368320704,0.21720844507217407,0.001571538800751333,0.001953125,0.2428105491676282,True,True
11,conv_out.0,92,-1472,12,9,0.12830764055252075,0.002379506127908826,0.21720844507217407,0.0014056028845968582,0.001953125,0.38952830945575145,True,True
11,conv_out.0,93,198,9,9,0.12830764055252075,0.003302257042378187,0.21720844507217407,0.0019506829463500003,0.001953125,0.0012518967547079254,True,True
11,conv_out.0,94,-838,11,9,0.12830764055252075,0.0035959407687187195,0.21720844507217407,0.0021241654552041334,0.001953125,0.08052124884391189,True,True
11,conv_out.0,95,-220,9,9,0.12830764055252075,0.0030920468270778656,0.21720844507217407,0.0018265092442811901,0.001953125,0.06932116884447448,True,True
11,conv_out.0,96,-587,11,9,0.12830764055252075,0.0032323687337338924,0.21720844507217407,0.0019093990819893114,0.001953125,0.022900355626615614,True,True
11,conv_out.0,97,-1279,12,9,0.12830764055252075,0.0038050052244216204,0.21720844507217407,0.0022476623433003717,0.001953125,0.1310416327338054,True,True
11,conv_out.0,98,-1265,12,9,0.12830764055252075,0.002777059795334935,0.21720844507217407,0.0016404426167421543,0.001953125,0.19060854678283043,True,True
11,conv_out.0,99,-2064,13,9,0.12830764055252075,0.002540145069360733,0.21720844507217407,0.0015004942390821777,0.001953125,0.30165444766698174,True,True
11,conv_out.0,100,-1914,12,9,0.12830764055252075,0.0029807728715240955,0.21720844507217407,0.0017607783806064088,0.001953125,0.10923953946285246,True,True
11,conv_out.0,101,-716,11,9,0.12830764055252075,0.0032387403771281242,0.21720844507217407,0.001913162888364723,0.001953125,0.020887981822308162,True,True
11,conv_out.0,102,-1859,12,9,0.12830764055252075,0.0032344264909625053,0.21720844507217407,0.0019106146239298905,0.001953125,0.02224958164649187,True,True
11,conv_out.0,103,-555,11,9,0.12830764055252075,0.002996477298438549,0.21720844507217407,0.0017700551744389576,0.001953125,0.10342605598103391,True,True
11,conv_out.0,104,-1171,12,9,0.12830764055252075,0.003238668665289879,0.21720844507217407,0.001913120527319498,0.001953125,0.020910586713819207,True,True
11,conv_out.0,105,676,11,9,0.12830764055252075,0.0029670647345483303,0.21720844507217407,0.0017526808192471037,0.001953125,0.11436433750613006,True,True
11,conv_out.0,106,-724,11,9,0.12830764055252075,0.002690483583137393,0.21720844507217407,0.0015893010070715454,0.001953125,0.22892075906932108,True,True
11,conv_out.0,107,-560,11,9,0.12830764055252075,0.003029015613719821,0.21720844507217407,0.0017892759485663484,0.001953125,0.09157282394866768,True,True
11,conv_out.0,108,-1550,12,9,0.12830764055252075,0.002694647992029786,0.21720844507217407,0.001591760973483539,0.001953125,0.22702153937448447,True,True
11,conv_out.0,109,-352,10,9,0.12830764055252075,0.0025900236796587706,0.21720844507217407,0.0015299581340023469,0.001953125,0.27658721934479025,True,True
11,conv_out.0,110,-1092,12,9,0.12830764055252075,0.00258735497482121,0.21720844507217407,0.0015283816979621886,0.001953125,0.2779039441548713,True,True
11,conv_out.0,111,-230,9,9,0.12830764055252075,0.0028857048600912094,0.21720844507217407,0.001704620563009029,0.001953125,0.14578284597969782,True,True
11,conv_out.0,112,-1082,12,9,0.12830764055252075,0.002908065216615796,0.21720844507217407,0.001717829094503417,0.001953125,0.1369728259053625,True,True
11,conv_out.0,113,-1083,12,9,0.12830764055252075,0.00316728837788105,0.21720844507217407,0.0018709553331607517,0.001953125,0.043918561487212335,True,True
11,conv_out.0,114,-1790,12,9,0.12830764055252075,0.0031433510594069958,0.21720844507217407,0.0018568152712789975,0.001953125,0.05186823385756796,True,True
11,conv_out.0,115,-1373,12,9,0.12830764055252075,0.0027009553741663694,0.21720844507217407,0.0015954868199612817,0.001953125,0.22415614818265764,True,True
11,conv_out.0,116,-916,11,9,0.12830764055252075,0.003033903893083334,0.21720844507217407,0.0017921635139705643,0.001953125,0.08981406259790616,True,True
11,conv_out.0,117,-1169,12,9,0.12830764055252075,0.003307103645056486,0.21720844507217407,0.0019535458928350755,0.001953125,0.00021545070255026992,True,True
11,conv_out.0,118,-679,11,9,0.12830764055252075,0.00346809858456254,0.21720844507217407,0.0020486475396520477,0.001953125,0.046627122432330005,True,True
11,conv_out.0,119,-2350,13,9,0.12830764055252075,0.0024512652307748795,0.21720844507217407,0.0014479918496016469,0.001953125,0.3488508243587966,True,True
11,conv_out.0,120,-1870,12,9,0.12830764055252075,0.0028961540665477514,0.21720844507217407,0.0017107930349202364,0.001953125,0.14164890792360635,True,True
11,conv_out.0,121,-511,10,9,0.12830764055252075,0.004595181904733181,0.21720844507217407,0.002714429210660024,0.001953125,0.28046567126166094,True,True
11,conv_out.0,122,-248,9,9,0.12830764055252075,0.0028530932031571865,0.21720844507217407,0.0016853564650853852,0.001953125,0.1588794658351691,True,True
11,conv_out.0,123,-251,9,9,0.12830764055252075,0.0026063546538352966,0.21720844507217407,0.0015396050368371697,0.001953125,0.2685883413400164,True,True
11,conv_out.0,124,-976,11,9,0.12830764055252075,0.002947943052276969,0.21720844507217407,0.0017413854115808957,0.001953125,0.12159260495175453,True,True
11,conv_out.0,125,6,4,9,0.12830764055252075,0.003787026507779956,0.21720844507217407,0.002237042099176402,0.001953125,0.12691629687296907,True,True
11,conv_out.0,126,-2325,13,10,0.12830764055252075,0.0020472228061407804,0.21720844507217407,0.0012093191305427957,0.0009765625,0.19246915447233873,True,True
11,conv_out.0,127,-523,11,9,0.12830764055252075,0.0045349556021392345,0.21720844507217407,0.002678852809464096,0.001953125,0.27090992341952436,True,True
