layer_id,module_name,channel,scale,zero_point,qmin,qmax
0,conv_input.0,0,0.008158160373568535,0,-127,127
0,conv_input.0,1,0.00781357940286398,0,-127,127
0,conv_input.0,2,0.011079366318881512,0,-127,127
0,conv_input.0,3,0.008646306581795216,0,-127,127
0,conv_input.0,4,0.007661282550543547,0,-127,127
0,conv_input.0,5,0.009502671658992767,0,-127,127
0,conv_input.0,6,0.007472386583685875,0,-127,127
0,conv_input.0,7,0.006859596818685532,0,-127,127
0,conv_input.0,8,0.009734886698424816,0,-127,127
0,conv_input.0,9,0.010284874588251114,0,-127,127
0,conv_input.0,10,0.07272200286388397,0,-127,127
0,conv_input.0,11,0.01145340595394373,0,-127,127
0,conv_input.0,12,0.010347982868552208,0,-127,127
0,conv_input.0,13,0.022568831220269203,0,-127,127
0,conv_input.0,14,0.0394439697265625,0,-127,127
0,conv_input.0,15,0.007852546870708466,0,-127,127
1,conv1.0.0,0,0.007033081259578466,0,-127,127
1,conv1.0.0,1,0.008974414318799973,0,-127,127
1,conv1.0.0,2,0.012799078598618507,0,-127,127
1,conv1.0.0,3,0.007167339324951172,0,-127,127
1,conv1.0.0,4,0.007565070874989033,0,-127,127
1,conv1.0.0,5,0.009778249077498913,0,-127,127
1,conv1.0.0,6,0.007648898288607597,0,-127,127
1,conv1.0.0,7,0.008716899901628494,0,-127,127
1,conv1.0.0,8,0.01157381571829319,0,-127,127
1,conv1.0.0,9,0.00797339342534542,0,-127,127
1,conv1.0.0,10,0.013483144342899323,0,-127,127
1,conv1.0.0,11,0.012083317153155804,0,-127,127
1,conv1.0.0,12,0.008345991373062134,0,-127,127
1,conv1.0.0,13,0.008805244229733944,0,-127,127
1,conv1.0.0,14,0.013178537599742413,0,-127,127
1,conv1.0.0,15,0.011112209409475327,0,-127,127
2,conv2.0.0,0,0.00757173215970397,0,-127,127
2,conv2.0.0,1,0.008351928554475307,0,-127,127
2,conv2.0.0,2,0.007297528441995382,0,-127,127
2,conv2.0.0,3,0.009798641316592693,0,-127,127
2,conv2.0.0,4,0.008082729764282703,0,-127,127
2,conv2.0.0,5,0.006654640659689903,0,-127,127
2,conv2.0.0,6,0.0073874411173164845,0,-127,127
2,conv2.0.0,7,0.01176980510354042,0,-127,127
2,conv2.0.0,8,0.00787535309791565,0,-127,127
2,conv2.0.0,9,0.008795826695859432,0,-127,127
2,conv2.0.0,10,0.010292578488588333,0,-127,127
2,conv2.0.0,11,0.00787192489951849,0,-127,127
2,conv2.0.0,12,0.007818024605512619,0,-127,127
2,conv2.0.0,13,0.006804156117141247,0,-127,127
2,conv2.0.0,14,0.007243745494633913,0,-127,127
2,conv2.0.0,15,0.007310258690267801,0,-127,127
2,conv2.0.0,16,0.008922858163714409,0,-127,127
2,conv2.0.0,17,0.009198423475027084,0,-127,127
2,conv2.0.0,18,0.011896309442818165,0,-127,127
2,conv2.0.0,19,0.008871895261108875,0,-127,127
2,conv2.0.0,20,0.007893969304859638,0,-127,127
2,conv2.0.0,21,0.009922299534082413,0,-127,127
2,conv2.0.0,22,0.00803943257778883,0,-127,127
2,conv2.0.0,23,0.006620710249990225,0,-127,127
2,conv2.0.0,24,0.00911368615925312,0,-127,127
2,conv2.0.0,25,0.009187737479805946,0,-127,127
2,conv2.0.0,26,0.00927539262920618,0,-127,127
2,conv2.0.0,27,0.00957307405769825,0,-127,127
2,conv2.0.0,28,0.009410131722688675,0,-127,127
2,conv2.0.0,29,0.007424592971801758,0,-127,127
2,conv2.0.0,30,0.006099381484091282,0,-127,127
2,conv2.0.0,31,0.007857517339289188,0,-127,127
3,conv2.1.0,0,0.009261746890842915,0,-127,127
3,conv2.1.0,1,0.010100295767188072,0,-127,127
3,conv2.1.0,2,0.01264443900436163,0,-127,127
3,conv2.1.0,3,0.011101258918642998,0,-127,127
3,conv2.1.0,4,0.012650434859097004,0,-127,127
3,conv2.1.0,5,0.008829446509480476,0,-127,127
3,conv2.1.0,6,0.012236610054969788,0,-127,127
3,conv2.1.0,7,0.011485269293189049,0,-127,127
3,conv2.1.0,8,0.007759138010442257,0,-127,127
3,conv2.1.0,9,0.008435176685452461,0,-127,127
3,conv2.1.0,10,0.013344064354896545,0,-127,127
3,conv2.1.0,11,0.009107725694775581,0,-127,127
3,conv2.1.0,12,0.011354329064488411,0,-127,127
3,conv2.1.0,13,0.01281136553734541,0,-127,127
3,conv2.1.0,14,0.00822765938937664,0,-127,127
3,conv2.1.0,15,0.011640633456408978,0,-127,127
3,conv2.1.0,16,0.015263247303664684,0,-127,127
3,conv2.1.0,17,0.007941091433167458,0,-127,127
3,conv2.1.0,18,0.012062660418450832,0,-127,127
3,conv2.1.0,19,0.00774100236594677,0,-127,127
3,conv2.1.0,20,0.011204225942492485,0,-127,127
3,conv2.1.0,21,0.009815064258873463,0,-127,127
3,conv2.1.0,22,0.012322510592639446,0,-127,127
3,conv2.1.0,23,0.01036179717630148,0,-127,127
3,conv2.1.0,24,0.008961588144302368,0,-127,127
3,conv2.1.0,25,0.01153341494500637,0,-127,127
3,conv2.1.0,26,0.010241872631013393,0,-127,127
3,conv2.1.0,27,0.008289038203656673,0,-127,127
3,conv2.1.0,28,0.008176684379577637,0,-127,127
3,conv2.1.0,29,0.01123629417270422,0,-127,127
3,conv2.1.0,30,0.008962452411651611,0,-127,127
3,conv2.1.0,31,0.009392604231834412,0,-127,127
4,conv2.2.0,0,0.008612244389951229,0,-127,127
4,conv2.2.0,1,0.008155563846230507,0,-127,127
4,conv2.2.0,2,0.007884896360337734,0,-127,127
4,conv2.2.0,3,0.008050174452364445,0,-127,127
4,conv2.2.0,4,0.01157879363745451,0,-127,127
4,conv2.2.0,5,0.01017552986741066,0,-127,127
4,conv2.2.0,6,0.009050901979207993,0,-127,127
4,conv2.2.0,7,0.011580484919250011,0,-127,127
4,conv2.2.0,8,0.00797378271818161,0,-127,127
4,conv2.2.0,9,0.012628921307623386,0,-127,127
4,conv2.2.0,10,0.010112295858561993,0,-127,127
4,conv2.2.0,11,0.009468241594731808,0,-127,127
4,conv2.2.0,12,0.008981652557849884,0,-127,127
4,conv2.2.0,13,0.009907467290759087,0,-127,127
4,conv2.2.0,14,0.009101689793169498,0,-127,127
4,conv2.2.0,15,0.008233548142015934,0,-127,127
4,conv2.2.0,16,0.0075547415763139725,0,-127,127
4,conv2.2.0,17,0.009850911796092987,0,-127,127
4,conv2.2.0,18,0.010083183646202087,0,-127,127
4,conv2.2.0,19,0.008414113894104958,0,-127,127
4,conv2.2.0,20,0.007620209362357855,0,-127,127
4,conv2.2.0,21,0.015555941499769688,0,-127,127
4,conv2.2.0,22,0.013690028339624405,0,-127,127
4,conv2.2.0,23,0.008719157427549362,0,-127,127
4,conv2.2.0,24,0.006855599116533995,0,-127,127
4,conv2.2.0,25,0.009841125458478928,0,-127,127
4,conv2.2.0,26,0.011607436463236809,0,-127,127
4,conv2.2.0,27,0.009465389885008335,0,-127,127
4,conv2.2.0,28,0.00908232107758522,0,-127,127
4,conv2.2.0,29,0.010881138034164906,0,-127,127
4,conv2.2.0,30,0.007999593392014503,0,-127,127
4,conv2.2.0,31,0.008421959355473518,0,-127,127
5,conv3.0.0,0,0.007510365918278694,0,-127,127
5,conv3.0.0,1,0.007178029511123896,0,-127,127
5,conv3.0.0,2,0.008025296963751316,0,-127,127
5,conv3.0.0,3,0.008854544721543789,0,-127,127
5,conv3.0.0,4,0.0069093285128474236,0,-127,127
5,conv3.0.0,5,0.008281628601253033,0,-127,127
5,conv3.0.0,6,0.0067237624898552895,0,-127,127
5,conv3.0.0,7,0.006112247705459595,0,-127,127
5,conv3.0.0,8,0.010546567849814892,0,-127,127
5,conv3.0.0,9,0.008534211665391922,0,-127,127
5,conv3.0.0,10,0.008402734994888306,0,-127,127
5,conv3.0.0,11,0.00875381100922823,0,-127,127
5,conv3.0.0,12,0.0071660797111690044,0,-127,127
5,conv3.0.0,13,0.007030591368675232,0,-127,127
5,conv3.0.0,14,0.0069854967296123505,0,-127,127
5,conv3.0.0,15,0.007704080548137426,0,-127,127
5,conv3.0.0,16,0.011908922344446182,0,-127,127
5,conv3.0.0,17,0.008536814711987972,0,-127,127
5,conv3.0.0,18,0.007558935321867466,0,-127,127
5,conv3.0.0,19,0.010549639351665974,0,-127,127
5,conv3.0.0,20,0.007539971265941858,0,-127,127
5,conv3.0.0,21,0.010229903273284435,0,-127,127
5,conv3.0.0,22,0.0072359503246843815,0,-127,127
5,conv3.0.0,23,0.007146241143345833,0,-127,127
5,conv3.0.0,24,0.008057177066802979,0,-127,127
5,conv3.0.0,25,0.008167623542249203,0,-127,127
5,conv3.0.0,26,0.010785925202071667,0,-127,127
5,conv3.0.0,27,0.008515629917383194,0,-127,127
5,conv3.0.0,28,0.007730711717158556,0,-127,127
5,conv3.0.0,29,0.011681671254336834,0,-127,127
5,conv3.0.0,30,0.00880421232432127,0,-127,127
5,conv3.0.0,31,0.010326347313821316,0,-127,127
5,conv3.0.0,32,0.00994282215833664,0,-127,127
5,conv3.0.0,33,0.011383810080587864,0,-127,127
5,conv3.0.0,34,0.0073823509737849236,0,-127,127
5,conv3.0.0,35,0.008682308718562126,0,-127,127
5,conv3.0.0,36,0.0069043561816215515,0,-127,127
5,conv3.0.0,37,0.008564875461161137,0,-127,127
5,conv3.0.0,38,0.008512304164469242,0,-127,127
5,conv3.0.0,39,0.008055764250457287,0,-127,127
5,conv3.0.0,40,0.009997336193919182,0,-127,127
5,conv3.0.0,41,0.008027132600545883,0,-127,127
5,conv3.0.0,42,0.008517637848854065,0,-127,127
5,conv3.0.0,43,0.009447266347706318,0,-127,127
5,conv3.0.0,44,0.008328656665980816,0,-127,127
5,conv3.0.0,45,0.006729913409799337,0,-127,127
5,conv3.0.0,46,0.008261479437351227,0,-127,127
5,conv3.0.0,47,0.008839352056384087,0,-127,127
5,conv3.0.0,48,0.006968575995415449,0,-127,127
5,conv3.0.0,49,0.008130339905619621,0,-127,127
5,conv3.0.0,50,0.007401754148304462,0,-127,127
5,conv3.0.0,51,0.008795437403023243,0,-127,127
5,conv3.0.0,52,0.013714971952140331,0,-127,127
5,conv3.0.0,53,0.007067047990858555,0,-127,127
5,conv3.0.0,54,0.00859826523810625,0,-127,127
5,conv3.0.0,55,0.008315641433000565,0,-127,127
5,conv3.0.0,56,0.007624425459653139,0,-127,127
5,conv3.0.0,57,0.007849867455661297,0,-127,127
5,conv3.0.0,58,0.007158567197620869,0,-127,127
5,conv3.0.0,59,0.0074791740626096725,0,-127,127
5,conv3.0.0,60,0.00830928236246109,0,-127,127
5,conv3.0.0,61,0.010118220001459122,0,-127,127
5,conv3.0.0,62,0.00821263063699007,0,-127,127
5,conv3.0.0,63,0.008923732675611973,0,-127,127
6,conv3.1.0,0,0.00809318944811821,0,-127,127
6,conv3.1.0,1,0.009403201751410961,0,-127,127
6,conv3.1.0,2,0.010216277092695236,0,-127,127
6,conv3.1.0,3,0.00779772037640214,0,-127,127
6,conv3.1.0,4,0.01152344886213541,0,-127,127
6,conv3.1.0,5,0.008213402703404427,0,-127,127
6,conv3.1.0,6,0.008663746528327465,0,-127,127
6,conv3.1.0,7,0.012437919154763222,0,-127,127
6,conv3.1.0,8,0.00990100484341383,0,-127,127
6,conv3.1.0,9,0.008303988724946976,0,-127,127
6,conv3.1.0,10,0.007724270224571228,0,-127,127
6,conv3.1.0,11,0.014598208479583263,0,-127,127
6,conv3.1.0,12,0.009708520025014877,0,-127,127
6,conv3.1.0,13,0.007651314605027437,0,-127,127
6,conv3.1.0,14,0.01032276451587677,0,-127,127
6,conv3.1.0,15,0.009136819280683994,0,-127,127
6,conv3.1.0,16,0.00962524488568306,0,-127,127
6,conv3.1.0,17,0.008782666176557541,0,-127,127
6,conv3.1.0,18,0.008439358323812485,0,-127,127
6,conv3.1.0,19,0.009119230322539806,0,-127,127
6,conv3.1.0,20,0.01833130605518818,0,-127,127
6,conv3.1.0,21,0.010717525146901608,0,-127,127
6,conv3.1.0,22,0.008882026188075542,0,-127,127
6,conv3.1.0,23,0.009632257744669914,0,-127,127
6,conv3.1.0,24,0.009165389463305473,0,-127,127
6,conv3.1.0,25,0.01130686979740858,0,-127,127
6,conv3.1.0,26,0.010176675394177437,0,-127,127
6,conv3.1.0,27,0.008739499375224113,0,-127,127
6,conv3.1.0,28,0.009067955426871777,0,-127,127
6,conv3.1.0,29,0.00892954133450985,0,-127,127
6,conv3.1.0,30,0.01389245130121708,0,-127,127
6,conv3.1.0,31,0.00980204064399004,0,-127,127
6,conv3.1.0,32,0.008649151772260666,0,-127,127
6,conv3.1.0,33,0.010983098298311234,0,-127,127
6,conv3.1.0,34,0.009079753421247005,0,-127,127
6,conv3.1.0,35,0.008447155356407166,0,-127,127
6,conv3.1.0,36,0.009128655306994915,0,-127,127
6,conv3.1.0,37,0.009100886061787605,0,-127,127
6,conv3.1.0,38,0.01548401266336441,0,-127,127
6,conv3.1.0,39,0.011412864550948143,0,-127,127
6,conv3.1.0,40,0.009087365120649338,0,-127,127
6,conv3.1.0,41,0.014108645729720592,0,-127,127
6,conv3.1.0,42,0.009849159978330135,0,-127,127
6,conv3.1.0,43,0.007906022481620312,0,-127,127
6,conv3.1.0,44,0.00825220812112093,0,-127,127
6,conv3.1.0,45,0.00816733855754137,0,-127,127
6,conv3.1.0,46,0.009189877659082413,0,-127,127
6,conv3.1.0,47,0.009714210405945778,0,-127,127
6,conv3.1.0,48,0.015356876887381077,0,-127,127
6,conv3.1.0,49,0.009673156775534153,0,-127,127
6,conv3.1.0,50,0.00905514508485794,0,-127,127
6,conv3.1.0,51,0.00925626140087843,0,-127,127
6,conv3.1.0,52,0.01225844956934452,0,-127,127
6,conv3.1.0,53,0.008850309066474438,0,-127,127
6,conv3.1.0,54,0.009459372609853745,0,-127,127
6,conv3.1.0,55,0.007243026047945023,0,-127,127
6,conv3.1.0,56,0.012047016993165016,0,-127,127
6,conv3.1.0,57,0.008955782279372215,0,-127,127
6,conv3.1.0,58,0.00907720997929573,0,-127,127
6,conv3.1.0,59,0.008128680288791656,0,-127,127
6,conv3.1.0,60,0.009901276789605618,0,-127,127
6,conv3.1.0,61,0.012492045760154724,0,-127,127
6,conv3.1.0,62,0.0165226049721241,0,-127,127
6,conv3.1.0,63,0.009261125698685646,0,-127,127
7,conv3.2.0,0,0.010213008150458336,0,-127,127
7,conv3.2.0,1,0.007889888249337673,0,-127,127
7,conv3.2.0,2,0.009127045050263405,0,-127,127
7,conv3.2.0,3,0.009160253219306469,0,-127,127
7,conv3.2.0,4,0.008727782405912876,0,-127,127
7,conv3.2.0,5,0.011480029672384262,0,-127,127
7,conv3.2.0,6,0.010469402186572552,0,-127,127
7,conv3.2.0,7,0.009775351732969284,0,-127,127
7,conv3.2.0,8,0.008686837740242481,0,-127,127
7,conv3.2.0,9,0.009510122239589691,0,-127,127
7,conv3.2.0,10,0.009531717747449875,0,-127,127
7,conv3.2.0,11,0.008281130343675613,0,-127,127
7,conv3.2.0,12,0.009684113785624504,0,-127,127
7,conv3.2.0,13,0.010136737488210201,0,-127,127
7,conv3.2.0,14,0.014189744368195534,0,-127,127
7,conv3.2.0,15,0.011106141842901707,0,-127,127
7,conv3.2.0,16,0.008107718080282211,0,-127,127
7,conv3.2.0,17,0.00820747297257185,0,-127,127
7,conv3.2.0,18,0.009025514125823975,0,-127,127
7,conv3.2.0,19,0.0098640788346529,0,-127,127
7,conv3.2.0,20,0.009200905449688435,0,-127,127
7,conv3.2.0,21,0.008764485828578472,0,-127,127
7,conv3.2.0,22,0.008237584494054317,0,-127,127
7,conv3.2.0,23,0.010198522359132767,0,-127,127
7,conv3.2.0,24,0.010685228742659092,0,-127,127
7,conv3.2.0,25,0.00926127377897501,0,-127,127
7,conv3.2.0,26,0.01050833985209465,0,-127,127
7,conv3.2.0,27,0.00732399569824338,0,-127,127
7,conv3.2.0,28,0.011109752580523491,0,-127,127
7,conv3.2.0,29,0.009235043078660965,0,-127,127
7,conv3.2.0,30,0.009252733550965786,0,-127,127
7,conv3.2.0,31,0.010013189166784286,0,-127,127
7,conv3.2.0,32,0.008527791127562523,0,-127,127
7,conv3.2.0,33,0.007526489440351725,0,-127,127
7,conv3.2.0,34,0.008653529919683933,0,-127,127
7,conv3.2.0,35,0.007144100032746792,0,-127,127
7,conv3.2.0,36,0.008191186934709549,0,-127,127
7,conv3.2.0,37,0.010117093101143837,0,-127,127
7,conv3.2.0,38,0.00858348049223423,0,-127,127
7,conv3.2.0,39,0.011956647969782352,0,-127,127
7,conv3.2.0,40,0.008366655558347702,0,-127,127
7,conv3.2.0,41,0.009248925372958183,0,-127,127
7,conv3.2.0,42,0.007643929682672024,0,-127,127
7,conv3.2.0,43,0.008935043588280678,0,-127,127
7,conv3.2.0,44,0.012921607121825218,0,-127,127
7,conv3.2.0,45,0.00903560221195221,0,-127,127
7,conv3.2.0,46,0.011096149682998657,0,-127,127
7,conv3.2.0,47,0.014842402189970016,0,-127,127
7,conv3.2.0,48,0.008491734974086285,0,-127,127
7,conv3.2.0,49,0.010181535966694355,0,-127,127
7,conv3.2.0,50,0.00834281463176012,0,-127,127
7,conv3.2.0,51,0.00960512738674879,0,-127,127
7,conv3.2.0,52,0.008077905513346195,0,-127,127
7,conv3.2.0,53,0.013769090175628662,0,-127,127
7,conv3.2.0,54,0.010245119221508503,0,-127,127
7,conv3.2.0,55,0.008466949686408043,0,-127,127
7,conv3.2.0,56,0.008835041895508766,0,-127,127
7,conv3.2.0,57,0.008182525634765625,0,-127,127
7,conv3.2.0,58,0.008629881776869297,0,-127,127
7,conv3.2.0,59,0.00836995430290699,0,-127,127
7,conv3.2.0,60,0.011081723496317863,0,-127,127
7,conv3.2.0,61,0.00780655350536108,0,-127,127
7,conv3.2.0,62,0.008482604287564754,0,-127,127
7,conv3.2.0,63,0.010878524743020535,0,-127,127
8,conv4.0.0,0,0.009455527178943157,0,-127,127
8,conv4.0.0,1,0.007377419620752335,0,-127,127
8,conv4.0.0,2,0.007208674214780331,0,-127,127
8,conv4.0.0,3,0.010014750063419342,0,-127,127
8,conv4.0.0,4,0.008706578984856606,0,-127,127
8,conv4.0.0,5,0.00842862855643034,0,-127,127
8,conv4.0.0,6,0.00865621492266655,0,-127,127
8,conv4.0.0,7,0.008740955963730812,0,-127,127
8,conv4.0.0,8,0.008789117448031902,0,-127,127
8,conv4.0.0,9,0.010339111089706421,0,-127,127
8,conv4.0.0,10,0.009486994706094265,0,-127,127
8,conv4.0.0,11,0.009571995586156845,0,-127,127
8,conv4.0.0,12,0.008831181563436985,0,-127,127
8,conv4.0.0,13,0.008066941983997822,0,-127,127
8,conv4.0.0,14,0.008417277596890926,0,-127,127
8,conv4.0.0,15,0.009674866683781147,0,-127,127
8,conv4.0.0,16,0.009332496672868729,0,-127,127
8,conv4.0.0,17,0.00746149942278862,0,-127,127
8,conv4.0.0,18,0.009911712259054184,0,-127,127
8,conv4.0.0,19,0.00981373805552721,0,-127,127
8,conv4.0.0,20,0.008278061635792255,0,-127,127
8,conv4.0.0,21,0.00830632634460926,0,-127,127
8,conv4.0.0,22,0.00781901553273201,0,-127,127
8,conv4.0.0,23,0.009127427823841572,0,-127,127
8,conv4.0.0,24,0.007586953230202198,0,-127,127
8,conv4.0.0,25,0.008009948767721653,0,-127,127
8,conv4.0.0,26,0.006982048042118549,0,-127,127
8,conv4.0.0,27,0.00848551094532013,0,-127,127
8,conv4.0.0,28,0.007502226158976555,0,-127,127
8,conv4.0.0,29,0.008322098292410374,0,-127,127
8,conv4.0.0,30,0.009289850480854511,0,-127,127
8,conv4.0.0,31,0.009905440732836723,0,-127,127
8,conv4.0.0,32,0.009149209596216679,0,-127,127
8,conv4.0.0,33,0.008200830779969692,0,-127,127
8,conv4.0.0,34,0.011821648105978966,0,-127,127
8,conv4.0.0,35,0.00998774729669094,0,-127,127
8,conv4.0.0,36,0.01043352298438549,0,-127,127
8,conv4.0.0,37,0.009473010897636414,0,-127,127
8,conv4.0.0,38,0.008505896665155888,0,-127,127
8,conv4.0.0,39,0.0090569369494915,0,-127,127
8,conv4.0.0,40,0.009195179678499699,0,-127,127
8,conv4.0.0,41,0.012402815744280815,0,-127,127
8,conv4.0.0,42,0.008504824712872505,0,-127,127
8,conv4.0.0,43,0.008912831544876099,0,-127,127
8,conv4.0.0,44,0.010433588176965714,0,-127,127
8,conv4.0.0,45,0.008915320970118046,0,-127,127
8,conv4.0.0,46,0.012394060380756855,0,-127,127
8,conv4.0.0,47,0.008985389024019241,0,-127,127
8,conv4.0.0,48,0.007918075658380985,0,-127,127
8,conv4.0.0,49,0.009286914020776749,0,-127,127
8,conv4.0.0,50,0.007137263659387827,0,-127,127
8,conv4.0.0,51,0.008050861768424511,0,-127,127
8,conv4.0.0,52,0.007981016300618649,0,-127,127
8,conv4.0.0,53,0.0075438302010297775,0,-127,127
8,conv4.0.0,54,0.010798651725053787,0,-127,127
8,conv4.0.0,55,0.008054547943174839,0,-127,127
8,conv4.0.0,56,0.008776531554758549,0,-127,127
8,conv4.0.0,57,0.008742091245949268,0,-127,127
8,conv4.0.0,58,0.008463348262012005,0,-127,127
8,conv4.0.0,59,0.00884289015084505,0,-127,127
8,conv4.0.0,60,0.010196318849921227,0,-127,127
8,conv4.0.0,61,0.007499967701733112,0,-127,127
8,conv4.0.0,62,0.008305937983095646,0,-127,127
8,conv4.0.0,63,0.007950722239911556,0,-127,127
9,conv4.1.0,0,0.008490483276546001,0,-127,127
9,conv4.1.0,1,0.010179119184613228,0,-127,127
9,conv4.1.0,2,0.010480871424078941,0,-127,127
9,conv4.1.0,3,0.008814778178930283,0,-127,127
9,conv4.1.0,4,0.00789453461766243,0,-127,127
9,conv4.1.0,5,0.009356989525258541,0,-127,127
9,conv4.1.0,6,0.00850620586425066,0,-127,127
9,conv4.1.0,7,0.008674529381096363,0,-127,127
9,conv4.1.0,8,0.011021992191672325,0,-127,127
9,conv4.1.0,9,0.012697653844952583,0,-127,127
9,conv4.1.0,10,0.009116357192397118,0,-127,127
9,conv4.1.0,11,0.008433082140982151,0,-127,127
9,conv4.1.0,12,0.00891076773405075,0,-127,127
9,conv4.1.0,13,0.008304660208523273,0,-127,127
9,conv4.1.0,14,0.008144288323819637,0,-127,127
9,conv4.1.0,15,0.009607505984604359,0,-127,127
9,conv4.1.0,16,0.00777011550962925,0,-127,127
9,conv4.1.0,17,0.008008740842342377,0,-127,127
9,conv4.1.0,18,0.008095229044556618,0,-127,127
9,conv4.1.0,19,0.010366757400333881,0,-127,127
9,conv4.1.0,20,0.009493980556726456,0,-127,127
9,conv4.1.0,21,0.012484916485846043,0,-127,127
9,conv4.1.0,22,0.008229274302721024,0,-127,127
9,conv4.1.0,23,0.008469822816550732,0,-127,127
9,conv4.1.0,24,0.010365644469857216,0,-127,127
9,conv4.1.0,25,0.008001956157386303,0,-127,127
9,conv4.1.0,26,0.008297733962535858,0,-127,127
9,conv4.1.0,27,0.007657495327293873,0,-127,127
9,conv4.1.0,28,0.008452109061181545,0,-127,127
9,conv4.1.0,29,0.008802278898656368,0,-127,127
9,conv4.1.0,30,0.009366077370941639,0,-127,127
9,conv4.1.0,31,0.008948972448706627,0,-127,127
9,conv4.1.0,32,0.009065236896276474,0,-127,127
9,conv4.1.0,33,0.008244776166975498,0,-127,127
9,conv4.1.0,34,0.008150056935846806,0,-127,127
9,conv4.1.0,35,0.010644244030117989,0,-127,127
9,conv4.1.0,36,0.008421588689088821,0,-127,127
9,conv4.1.0,37,0.008966448716819286,0,-127,127
9,conv4.1.0,38,0.008278540335595608,0,-127,127
9,conv4.1.0,39,0.008791705593466759,0,-127,127
9,conv4.1.0,40,0.008286066353321075,0,-127,127
9,conv4.1.0,41,0.010155413299798965,0,-127,127
9,conv4.1.0,42,0.009167179465293884,0,-127,127
9,conv4.1.0,43,0.009095603600144386,0,-127,127
9,conv4.1.0,44,0.008817623369395733,0,-127,127
9,conv4.1.0,45,0.009586310014128685,0,-127,127
9,conv4.1.0,46,0.011087309569120407,0,-127,127
9,conv4.1.0,47,0.009746181778609753,0,-127,127
9,conv4.1.0,48,0.013438945636153221,0,-127,127
9,conv4.1.0,49,0.016534356400370598,0,-127,127
9,conv4.1.0,50,0.00789459515362978,0,-127,127
9,conv4.1.0,51,0.007395440712571144,0,-127,127
9,conv4.1.0,52,0.01045545656234026,0,-127,127
9,conv4.1.0,53,0.0076342010870575905,0,-127,127
9,conv4.1.0,54,0.009224291890859604,0,-127,127
9,conv4.1.0,55,0.009475934319198132,0,-127,127
9,conv4.1.0,56,0.00988026149570942,0,-127,127
9,conv4.1.0,57,0.007541005965322256,0,-127,127
9,conv4.1.0,58,0.008886107243597507,0,-127,127
9,conv4.1.0,59,0.010018008761107922,0,-127,127
9,conv4.1.0,60,0.0077970935963094234,0,-127,127
9,conv4.1.0,61,0.008229277096688747,0,-127,127
9,conv4.1.0,62,0.009205843321979046,0,-127,127
9,conv4.1.0,63,0.009853110648691654,0,-127,127
10,conv4.2.0,0,0.007998766377568245,0,-127,127
10,conv4.2.0,1,0.009099296294152737,0,-127,127
10,conv4.2.0,2,0.008651197887957096,0,-127,127
10,conv4.2.0,3,0.008401035331189632,0,-127,127
10,conv4.2.0,4,0.008486579172313213,0,-127,127
10,conv4.2.0,5,0.012547528371214867,0,-127,127
10,conv4.2.0,6,0.009311923757195473,0,-127,127
10,conv4.2.0,7,0.007594620808959007,0,-127,127
10,conv4.2.0,8,0.008699731901288033,0,-127,127
10,conv4.2.0,9,0.00773586006835103,0,-127,127
10,conv4.2.0,10,0.009309020824730396,0,-127,127
10,conv4.2.0,11,0.008611693978309631,0,-127,127
10,conv4.2.0,12,0.007288556545972824,0,-127,127
10,conv4.2.0,13,0.008208751678466797,0,-127,127
10,conv4.2.0,14,0.008748051710426807,0,-127,127
10,conv4.2.0,15,0.008116796612739563,0,-127,127
10,conv4.2.0,16,0.008593222126364708,0,-127,127
10,conv4.2.0,17,0.0081922123208642,0,-127,127
10,conv4.2.0,18,0.008363215252757072,0,-127,127
10,conv4.2.0,19,0.010813686065375805,0,-127,127
10,conv4.2.0,20,0.008147231303155422,0,-127,127
10,conv4.2.0,21,0.008858921937644482,0,-127,127
10,conv4.2.0,22,0.007505639456212521,0,-127,127
10,conv4.2.0,23,0.009159119799733162,0,-127,127
10,conv4.2.0,24,0.008320741355419159,0,-127,127
10,conv4.2.0,25,0.009790063835680485,0,-127,127
10,conv4.2.0,26,0.009061341173946857,0,-127,127
10,conv4.2.0,27,0.010134557262063026,0,-127,127
10,conv4.2.0,28,0.009308632463216782,0,-127,127
10,conv4.2.0,29,0.00897342897951603,0,-127,127
10,conv4.2.0,30,0.008578868582844734,0,-127,127
10,conv4.2.0,31,0.00925450399518013,0,-127,127
10,conv4.2.0,32,0.008545082062482834,0,-127,127
10,conv4.2.0,33,0.008600871078670025,0,-127,127
10,conv4.2.0,34,0.007827500812709332,0,-127,127
10,conv4.2.0,35,0.00814906321465969,0,-127,127
10,conv4.2.0,36,0.008011664263904095,0,-127,127
10,conv4.2.0,37,0.010967356152832508,0,-127,127
10,conv4.2.0,38,0.011058468371629715,0,-127,127
10,conv4.2.0,39,0.008582830429077148,0,-127,127
10,conv4.2.0,40,0.0101557532325387,0,-127,127
10,conv4.2.0,41,0.008350448682904243,0,-127,127
10,conv4.2.0,42,0.007333077490329742,0,-127,127
10,conv4.2.0,43,0.006958584301173687,0,-127,127
10,conv4.2.0,44,0.008531860075891018,0,-127,127
10,conv4.2.0,45,0.008687605150043964,0,-127,127
10,conv4.2.0,46,0.008497082628309727,0,-127,127
10,conv4.2.0,47,0.008174357935786247,0,-127,127
10,conv4.2.0,48,0.008799970149993896,0,-127,127
10,conv4.2.0,49,0.008048550225794315,0,-127,127
10,conv4.2.0,50,0.009374299086630344,0,-127,127
10,conv4.2.0,51,0.009268413297832012,0,-127,127
10,conv4.2.0,52,0.008858640678226948,0,-127,127
10,conv4.2.0,53,0.008347696624696255,0,-127,127
10,conv4.2.0,54,0.008836466819047928,0,-127,127
10,conv4.2.0,55,0.009062990546226501,0,-127,127
10,conv4.2.0,56,0.008554257452487946,0,-127,127
10,conv4.2.0,57,0.010271258652210236,0,-127,127
10,conv4.2.0,58,0.009513451717793941,0,-127,127
10,conv4.2.0,59,0.008815987035632133,0,-127,127
10,conv4.2.0,60,0.00931633822619915,0,-127,127
10,conv4.2.0,61,0.009552651084959507,0,-127,127
10,conv4.2.0,62,0.008571479469537735,0,-127,127
10,conv4.2.0,63,0.009386283345520496,0,-127,127
11,conv_out.0,0,0.006050551775842905,0,-127,127
11,conv_out.0,1,0.006741408258676529,0,-127,127
11,conv_out.0,2,0.006064806133508682,0,-127,127
11,conv_out.0,3,0.00785616971552372,0,-127,127
11,conv_out.0,4,0.007938675582408905,0,-127,127
11,conv_out.0,5,0.006500301882624626,0,-127,127
11,conv_out.0,6,0.005367986857891083,0,-127,127
11,conv_out.0,7,0.005801091901957989,0,-127,127
11,conv_out.0,8,0.005957445595413446,0,-127,127
11,conv_out.0,9,0.005587538238614798,0,-127,127
11,conv_out.0,10,0.006212039850652218,0,-127,127
11,conv_out.0,11,0.007386581506580114,0,-127,127
11,conv_out.0,12,0.006861559581011534,0,-127,127
11,conv_out.0,13,0.006350683514028788,0,-127,127
11,conv_out.0,14,0.0054616197012364864,0,-127,127
11,conv_out.0,15,0.005981354974210262,0,-127,127
11,conv_out.0,16,0.005589607171714306,0,-127,127
11,conv_out.0,17,0.006443188060075045,0,-127,127
11,conv_out.0,18,0.00834675319492817,0,-127,127
11,conv_out.0,19,0.005886132828891277,0,-127,127
11,conv_out.0,20,0.007294869981706142,0,-127,127
11,conv_out.0,21,0.005850742571055889,0,-127,127
11,conv_out.0,22,0.008795003406703472,0,-127,127
11,conv_out.0,23,0.006340330932289362,0,-127,127
11,conv_out.0,24,0.008787461556494236,0,-127,127
11,conv_out.0,25,0.00611098762601614,0,-127,127
11,conv_out.0,26,0.005973791237920523,0,-127,127
11,conv_out.0,27,0.00611013313755393,0,-127,127
11,conv_out.0,28,0.006194481160491705,0,-127,127
11,conv_out.0,29,0.008223269134759903,0,-127,127
11,conv_out.0,30,0.006712603848427534,0,-127,127
11,conv_out.0,31,0.006589175667613745,0,-127,127
11,conv_out.0,32,0.005833691451698542,0,-127,127
11,conv_out.0,33,0.006141615565866232,0,-127,127
11,conv_out.0,34,0.006741615943610668,0,-127,127
11,conv_out.0,35,0.006848152726888657,0,-127,127
11,conv_out.0,36,0.006068088114261627,0,-127,127
11,conv_out.0,37,0.008267124183475971,0,-127,127
11,conv_out.0,38,0.006807571742683649,0,-127,127
11,conv_out.0,39,0.007514742203056812,0,-127,127
11,conv_out.0,40,0.008214655332267284,0,-127,127
11,conv_out.0,41,0.007489553652703762,0,-127,127
11,conv_out.0,42,0.006354165729135275,0,-127,127
11,conv_out.0,43,0.006299151107668877,0,-127,127
11,conv_out.0,44,0.006536707282066345,0,-127,127
11,conv_out.0,45,0.005946753546595573,0,-127,127
11,conv_out.0,46,0.007098945323377848,0,-127,127
11,conv_out.0,47,0.007404938340187073,0,-127,127
11,conv_out.0,48,0.006270392332226038,0,-127,127
11,conv_out.0,49,0.007574695628136396,0,-127,127
11,conv_out.0,50,0.005279466975480318,0,-127,127
11,conv_out.0,51,0.00674554705619812,0,-127,127
11,conv_out.0,52,0.005917888134717941,0,-127,127
11,conv_out.0,53,0.006495587062090635,0,-127,127
11,conv_out.0,54,0.005718217231333256,0,-127,127
11,conv_out.0,55,0.006175407208502293,0,-127,127
11,conv_out.0,56,0.00681631825864315,0,-127,127
11,conv_out.0,57,0.0075470395386219025,0,-127,127
11,conv_out.0,58,0.005779986269772053,0,-127,127
11,conv_out.0,59,0.006221950985491276,0,-127,127
11,conv_out.0,60,0.005831209011375904,0,-127,127
11,conv_out.0,61,0.007745421025902033,0,-127,127
11,conv_out.0,62,0.006610295735299587,0,-127,127
11,conv_out.0,63,0.006681943777948618,0,-127,127
11,conv_out.0,64,0.005943503230810165,0,-127,127
11,conv_out.0,65,0.0062477849423885345,0,-127,127
11,conv_out.0,66,0.007810510229319334,0,-127,127
11,conv_out.0,67,0.005207229871302843,0,-127,127
11,conv_out.0,68,0.00712599279358983,0,-127,127
11,conv_out.0,69,0.006187777034938335,0,-127,127
11,conv_out.0,70,0.0060789696872234344,0,-127,127
11,conv_out.0,71,0.006232116837054491,0,-127,127
11,conv_out.0,72,0.0055649601854383945,0,-127,127
11,conv_out.0,73,0.006094228010624647,0,-127,127
11,conv_out.0,74,0.0061986264772713184,0,-127,127
11,conv_out.0,75,0.005893642082810402,0,-127,127
11,conv_out.0,76,0.006542877294123173,0,-127,127
11,conv_out.0,77,0.005852295085787773,0,-127,127
11,conv_out.0,78,0.006867333315312862,0,-127,127
11,conv_out.0,79,0.006107307504862547,0,-127,127
11,conv_out.0,80,0.006721606012433767,0,-127,127
11,conv_out.0,81,0.007434808649122715,0,-127,127
11,conv_out.0,82,0.0066507067531347275,0,-127,127
11,conv_out.0,83,0.006928610615432262,0,-127,127
11,conv_out.0,84,0.007064074277877808,0,-127,127
11,conv_out.0,85,0.007247691508382559,0,-127,127
11,conv_out.0,86,0.0065989019349217415,0,-127,127
11,conv_out.0,87,0.008007229305803776,0,-127,127
11,conv_out.0,88,0.006310706026852131,0,-127,127
11,conv_out.0,89,0.008351674303412437,0,-127,127
11,conv_out.0,90,0.0056459191255271435,0,-127,127
11,conv_out.0,91,0.006855011451989412,0,-127,127
11,conv_out.0,92,0.006204642821103334,0,-127,127
11,conv_out.0,93,0.007978033274412155,0,-127,127
11,conv_out.0,94,0.007965443655848503,0,-127,127
11,conv_out.0,95,0.006046733353286982,0,-127,127
11,conv_out.0,96,0.0056105200201272964,0,-127,127
11,conv_out.0,97,0.007681956049054861,0,-127,127
11,conv_out.0,98,0.006266056094318628,0,-127,127
11,conv_out.0,99,0.0057474663481116295,0,-127,127
11,conv_out.0,100,0.005800965242087841,0,-127,127
11,conv_out.0,101,0.005719107110053301,0,-127,127
11,conv_out.0,102,0.006208695471286774,0,-127,127
11,conv_out.0,103,0.0069591812789440155,0,-127,127
11,conv_out.0,104,0.0066875978372991085,0,-127,127
11,conv_out.0,105,0.006053234916180372,0,-127,127
11,conv_out.0,106,0.00702112028375268,0,-127,127
11,conv_out.0,107,0.007455551065504551,0,-127,127
11,conv_out.0,108,0.006916728336364031,0,-127,127
11,conv_out.0,109,0.005523805972188711,0,-127,127
11,conv_out.0,110,0.005377036985009909,0,-127,127
11,conv_out.0,111,0.006125006824731827,0,-127,127
11,conv_out.0,112,0.007387741003185511,0,-127,127
11,conv_out.0,113,0.00610151095315814,0,-127,127
11,conv_out.0,114,0.0065825884230434895,0,-127,127
11,conv_out.0,115,0.0063034724444150925,0,-127,127
11,conv_out.0,116,0.006176766939461231,0,-127,127
11,conv_out.0,117,0.006132390815764666,0,-127,127
11,conv_out.0,118,0.006775333546102047,0,-127,127
11,conv_out.0,119,0.00808120146393776,0,-127,127
11,conv_out.0,120,0.007643344812095165,0,-127,127
11,conv_out.0,121,0.006222115829586983,0,-127,127
11,conv_out.0,122,0.005894194357097149,0,-127,127
11,conv_out.0,123,0.008115443401038647,0,-127,127
11,conv_out.0,124,0.007304473780095577,0,-127,127
11,conv_out.0,125,0.006530861370265484,0,-127,127
11,conv_out.0,126,0.0062883635982871056,0,-127,127
11,conv_out.0,127,0.005418939981609583,0,-127,127
