layer_id,layer_name,conv_type,kernel_zyx,padding_zyx,stride_zyx,output_shape_zyx,peak_pages,peak_dram_bytes,peak_dram_mib,ifm_c,ifm_extent,ifm_allocated,ifm_voxels,ifm_coordinate_count,ifm_coordinate_sha256,ifm_coordinate_unique,ifm_blocks,ifm_sum_nb,ifm_pages,ifm_feature_words,ifm_page_stride,ifm_page_bytes,ifm_dram_bytes,ifm_dram_mib,ifm_useful_bytes,ifm_occupancy,ifm_semantic_channel_bytes,ifm_semantic_ratio,ofm_c,ofm_extent,ofm_allocated,ofm_voxels,ofm_coordinate_count,ofm_coordinate_sha256,ofm_coordinate_unique,ofm_blocks,ofm_sum_nb,ofm_pages,ofm_feature_words,ofm_page_stride,ofm_page_bytes,ofm_dram_bytes,ofm_dram_mib,ofm_useful_bytes,ofm_occupancy,ofm_semantic_channel_bytes,ofm_semantic_ratio
0,conv_input.0,SubMConv3d,3x3x3,1x1x1,1x1x1,41x1600x1408,2289,2924544,2.7891,4,"x:[-1,+1] y:[-1,+1] z:[-1,+1]",1,15118,15118,59cf47ea7347a1af112a588cf4ff5757d83cd151588cd196934025a5590709c6,1,1117,21554,1155,1,2,1024,1182720,1.1279,344864,0.291585,60472,0.051130,16,"x:[-2,0] y:[-2,0] z:[-2,0]",1,15118,15118,59cf47ea7347a1af112a588cf4ff5757d83cd151588cd196934025a5590709c6,1,1100,21201,1134,2,3,1536,1741824,1.6611,508824,0.292121,241888,0.138871
1,conv1.0.0,SubMConv3d,3x3x3,0x0x0,1x1x1,41x1600x1408,2289,3515904,3.3530,16,"x:[-2,0] y:[-2,0] z:[-2,0]",1,15118,15118,59cf47ea7347a1af112a588cf4ff5757d83cd151588cd196934025a5590709c6,1,1100,21201,1134,2,3,1536,1741824,1.6611,508824,0.292121,241888,0.138871,16,"x:[-1,+1] y:[-1,+1] z:[-1,+1]",1,15118,15118,59cf47ea7347a1af112a588cf4ff5757d83cd151588cd196934025a5590709c6,1,1117,21554,1155,2,3,1536,1774080,1.6919,517296,0.291585,241888,0.136346
2,conv2.0.0,SparseConv3d,3x3x3,1x1x1,2x2x2,21x800x704,2714,5765120,5.4980,16,"x:[-1,+1] y:[-1,+1] z:[-1,+1]",1,15118,15118,59cf47ea7347a1af112a588cf4ff5757d83cd151588cd196934025a5590709c6,1,1117,21554,1155,2,3,1536,1774080,1.6919,517296,0.291585,241888,0.136346,32,"x:[-2,0] y:[-2,0] z:[-2,0]",1,25846,25846,0f388c472d74e96cc7dc249b8fe9900743ad1b2ee43f302a45966acdcf4406f8,1,1318,45063,1559,4,5,2560,3991040,3.8062,1802520,0.451642,827072,0.207232
3,conv2.1.0,SubMConv3d,3x3x3,0x0x0,1x1x1,21x800x704,3118,7982080,7.6123,32,"x:[-2,0] y:[-2,0] z:[-2,0]",1,25846,25846,0f388c472d74e96cc7dc249b8fe9900743ad1b2ee43f302a45966acdcf4406f8,1,1318,45063,1559,4,5,2560,3991040,3.8062,1802520,0.451642,827072,0.207232,32,"x:[-2,0] y:[-2,0] z:[-2,0]",1,25846,25846,0f388c472d74e96cc7dc249b8fe9900743ad1b2ee43f302a45966acdcf4406f8,1,1318,45063,1559,4,5,2560,3991040,3.8062,1802520,0.451642,827072,0.207232
4,conv2.2.0,SubMConv3d,3x3x3,0x0x0,1x1x1,21x800x704,3341,8552960,8.1567,32,"x:[-2,0] y:[-2,0] z:[-2,0]",1,25846,25846,0f388c472d74e96cc7dc249b8fe9900743ad1b2ee43f302a45966acdcf4406f8,1,1318,45063,1559,4,5,2560,3991040,3.8062,1802520,0.451642,827072,0.207232,32,"x:[-1,+1] y:[-1,+1] z:[-1,+1]",1,25846,25846,0f388c472d74e96cc7dc249b8fe9900743ad1b2ee43f302a45966acdcf4406f8,1,1512,50911,1782,4,5,2560,4561920,4.3506,2036440,0.446400,827072,0.181299
5,conv3.0.0,SparseConv3d,3x3x3,1x1x1,2x2x2,11x400x352,3133,10787328,10.2876,32,"x:[-1,+1] y:[-1,+1] z:[-1,+1]",1,25846,25846,0f388c472d74e96cc7dc249b8fe9900743ad1b2ee43f302a45966acdcf4406f8,1,1512,50911,1782,4,5,2560,4561920,4.3506,2036440,0.446400,827072,0.181299,64,"x:[-2,0] y:[-2,0] z:[-2,0]",1,19116,19116,7e89fb5f484c45e9df0e492d74c43883dc91d2e0aaa20090d1f9c66d6babdbe3,1,1140,40561,1351,8,9,4608,6225408,5.9370,2920392,0.469109,1223424,0.196521
6,conv3.1.0,SubMConv3d,3x3x3,0x0x0,1x1x1,11x400x352,2702,12450816,11.8740,64,"x:[-2,0] y:[-2,0] z:[-2,0]",1,19116,19116,7e89fb5f484c45e9df0e492d74c43883dc91d2e0aaa20090d1f9c66d6babdbe3,1,1140,40561,1351,8,9,4608,6225408,5.9370,2920392,0.469109,1223424,0.196521,64,"x:[-2,0] y:[-2,0] z:[-2,0]",1,19116,19116,7e89fb5f484c45e9df0e492d74c43883dc91d2e0aaa20090d1f9c66d6babdbe3,1,1140,40561,1351,8,9,4608,6225408,5.9370,2920392,0.469109,1223424,0.196521
7,conv3.2.0,SubMConv3d,3x3x3,0x0x0,1x1x1,11x400x352,2673,12317184,11.7466,64,"x:[-2,0] y:[-2,0] z:[-2,0]",1,19116,19116,7e89fb5f484c45e9df0e492d74c43883dc91d2e0aaa20090d1f9c66d6babdbe3,1,1140,40561,1351,8,9,4608,6225408,5.9370,2920392,0.469109,1223424,0.196521,64,"x:[-1,+1] y:[-1,+1] z:[-2,0]",1,19116,19116,7e89fb5f484c45e9df0e492d74c43883dc91d2e0aaa20090d1f9c66d6babdbe3,1,1107,40235,1322,8,9,4608,6091776,5.8096,2896920,0.475546,1223424,0.200832
8,conv4.0.0,SparseConv3d,3x3x3,0x1x1,2x2x2,5x200x176,1810,8340480,7.9541,64,"x:[-1,+1] y:[-1,+1] z:[-2,0]",1,19116,19116,7e89fb5f484c45e9df0e492d74c43883dc91d2e0aaa20090d1f9c66d6babdbe3,1,1107,40235,1322,8,9,4608,6091776,5.8096,2896920,0.475546,1223424,0.200832,64,"x:[-2,0] y:[-2,0] z:[-2,0]",1,8499,8499,4407ea88e816de8bc30f50d0a4c9510a5dd0ca80d06892460c9f32313f059438,1,394,16600,488,8,9,4608,2248704,2.1445,1195200,0.531506,543936,0.241889
9,conv4.1.0,SubMConv3d,3x3x3,0x0x0,1x1x1,5x200x176,976,4497408,4.2891,64,"x:[-2,0] y:[-2,0] z:[-2,0]",1,8499,8499,4407ea88e816de8bc30f50d0a4c9510a5dd0ca80d06892460c9f32313f059438,1,394,16600,488,8,9,4608,2248704,2.1445,1195200,0.531506,543936,0.241889,64,"x:[-2,0] y:[-2,0] z:[-2,0]",1,8499,8499,4407ea88e816de8bc30f50d0a4c9510a5dd0ca80d06892460c9f32313f059438,1,394,16600,488,8,9,4608,2248704,2.1445,1195200,0.531506,543936,0.241889
10,conv4.2.0,SubMConv3d,3x3x3,0x0x0,1x1x1,5x200x176,853,3930624,3.7485,64,"x:[-2,0] y:[-2,0] z:[-2,0]",1,8499,8499,4407ea88e816de8bc30f50d0a4c9510a5dd0ca80d06892460c9f32313f059438,1,394,16600,488,8,9,4608,2248704,2.1445,1195200,0.531506,543936,0.241889,64,"x:none y:none z:[-2,0]",1,8499,8499,4407ea88e816de8bc30f50d0a4c9510a5dd0ca80d06892460c9f32313f059438,1,351,8499,365,8,9,4608,1681920,1.6040,611928,0.363827,543936,0.323402
11,conv_out.0,SparseConv3d,3x1x1,0x0x0,2x1x1,2x200x176,365,1681920,1.6040,64,"x:none y:none z:[-2,0]",1,8499,8499,4407ea88e816de8bc30f50d0a4c9510a5dd0ca80d06892460c9f32313f059438,1,351,8499,365,8,9,4608,1681920,1.6040,611928,0.363827,543936,0.323402,128,x:none y:none z:none,0,6616,6616,1b9b2b02236943f3c22dc9702a848ed3a0f6a31e01a9e24b90c0af9d7e5fe54c,1,0,0,0,16,17,8704,0,0.0000,0,0.000000,846848,0.000000
