activation_id,name,scale,zero_point,signed,qmin,qmax,seen
0,input,1.9055118560791016,0,True,-127,127,True
1,l00_conv_input,0.05381232872605324,0,True,-127,127,True
2,l01_conv1,0.06160480156540871,0,True,-127,127,True
3,l02_conv2_0,0.08148762583732605,0,True,-127,127,True
4,l03_conv2_1,0.06367848068475723,0,True,-127,127,True
5,l04_conv2_2,0.055264703929424286,0,True,-127,127,True
6,l05_conv3_0,0.0949472114443779,0,True,-127,127,True
7,l06_conv3_1,0.03895280510187149,0,True,-127,127,True
8,l07_conv3_2,0.05190184339880943,0,True,-127,127,True
9,l08_conv4_0,0.09586352854967117,0,True,-127,127,True
10,l09_conv4_1,0.07409138232469559,0,True,-127,127,True
11,l10_conv4_2,0.07231450080871582,0,True,-127,127,True
12,l11_conv_out,0.08076207339763641,0,True,-127,127,True
